rodada;mandante;visitante;gols_man;gols_vis;Posse de bola_man;Posse de bola_vis;Tentativas de gol_man;Tentativas de gol_vis;Finalizações_man;Finalizações_vis;Chutes fora_man;Chutes fora_vis;Chutes bloqueados_man;Chutes bloqueados_vis;Faltas cobradas_man;Faltas cobradas_vis;Escanteios_man;Escanteios_vis;Impedimentos_man;Impedimentos_vis;Defesas do goleiro_man;Defesas do goleiro_vis;Faltas_man;Faltas_vis;Cartões amarelos_man;Cartões amarelos_vis;Total de passes_man;Total de passes_vis;Desarmes_man;Desarmes_vis;Ataques_man;Ataques_vis;Ataques Perigosos_man;Ataques Perigosos_vis;Cartões vermelhos_man;Cartões vermelhos_vis;Acerto de passes_man;Acerto de passes_vis;Passes completados_man;Passes completados_vis;Laterais cobrados_man;Laterais cobrados_vis
38;Athletico-PR;Sport;2;0;56%;44%;18;15;8;4;8;6;2;5;12;17;8;5;2;2;4;6;15;10;0;1;481;364;16;8;99;95;67;69;;;;;;;;
38;Atlético-GO;Coritiba;3;1;55%;45%;18;9;7;1;8;8;3;0;11;9;7;4;1;1;0;4;8;9;0;1;555;435;13;16;121;99;95;69;;;;;;;;
38;Atlético-MG;Palmeiras;2;0;52%;48%;19;9;8;4;7;4;4;1;19;29;5;4;5;1;4;6;22;17;3;0;452;425;9;12;85;83;67;45;;;;;;;;
38;Bahia;Santos;2;0;49%;51%;16;15;5;5;8;6;3;4;14;13;4;4;2;1;5;3;11;13;;;447;476;17;18;104;107;70;73;;;;;;;;
38;Ceará;Botafogo;2;1;48%;52%;12;17;6;3;5;8;1;6;6;6;5;7;0;2;2;4;7;4;4;0;470;503;13;9;70;92;42;59;1;0;;;;;;
38;Fluminense;Fortaleza;2;0;48%;52%;9;9;3;2;2;7;4;0;14;10;3;5;0;1;2;1;10;12;;;396;418;22;8;88;103;39;67;;;;;;;;
38;Internacional;Corinthians;0;0;53%;47%;16;6;5;1;6;2;5;3;17;19;12;5;6;1;1;5;13;16;0;2;420;391;21;22;122;107;90;71;;;;;;;;
38;Red Bull Bragantino;Grêmio;1;0;55%;45%;19;15;6;2;7;12;6;1;11;25;3;7;1;0;2;5;24;12;4;0;469;369;13;11;81;91;76;70;;;;;;;;
38;São Paulo;Flamengo;2;1;36%;64%;4;19;2;1;1;13;1;5;27;27;1;7;0;2;0;0;27;24;6;3;301;507;8;17;82;150;28;93;;;;;;;;
38;Vasco;Goiás;3;2;48%;52%;27;20;12;5;6;7;9;8;20;14;9;6;2;2;3;9;12;18;1;2;387;407;18;11;56;58;37;39;;;;;;;;
37;Botafogo;São Paulo;1;0;51%;49%;23;8;11;1;4;6;8;1;15;13;4;3;2;0;1;10;12;15;3;5;433;457;7;3;31;43;51;41;0;1;;;;;;
37;Palmeiras;Atlético-GO;1;1;64%;36%;19;9;4;3;11;5;4;1;13;19;9;6;0;1;2;3;20;13;2;1;544;310;10;9;153;55;72;36;;;;;;;;
37;Goiás;Red Bull Bragantino;0;0;43%;57%;14;14;1;5;8;4;5;5;20;19;3;11;1;1;5;1;18;20;2;0;315;406;17;15;104;113;35;67;;;;;;;;
37;Grêmio;Athletico-PR;1;0;50%;50%;11;8;2;2;7;5;2;1;21;21;2;2;1;4;2;1;19;17;3;1;460;466;9;13;127;106;41;35;0;2;;;;;;
37;Santos;Fluminense;1;1;62%;38%;8;7;2;3;5;3;1;1;19;21;3;4;1;1;2;1;20;19;3;4;450;280;25;23;107;97;60;37;0;1;;;;;;
37;Corinthians;Vasco;0;0;67%;33%;14;8;4;0;3;6;7;2;25;22;7;4;1;6;0;4;23;18;1;2;585;283;15;19;157;88;76;38;;;;;;;;
37;Flamengo;Internacional;2;1;59%;41%;10;12;4;3;3;4;3;5;13;23;1;4;3;0;2;2;21;14;4;0;447;302;19;23;139;85;50;23;0;1;;;;;;
37;Sport;Atlético-MG;2;3;39%;61%;9;25;3;10;3;12;3;3;12;13;2;4;0;0;7;1;16;13;4;4;372;586;5;13;100;128;30;63;;;;;;;;
37;Fortaleza;Bahia;0;4;61%;39%;11;12;3;7;5;5;3;0;3;7;2;0;0;1;3;3;15;13;5;3;547;357;5;11;142;80;63;20;1;0;;;;;;
37;Coritiba;Ceará;0;2;63%;37%;16;11;5;4;8;5;3;2;10;15;7;5;2;1;2;5;14;9;1;0;568;337;11;15;141;81;81;32;;;;;;;;
34;São Paulo;Palmeiras;1;1;42%;58%;7;8;3;2;2;5;2;1;16;19;1;5;3;3;1;2;16;14;2;1;317;436;8;17;102;84;42;45;;;;;;;;
35;Coritiba;Palmeiras;1;0;47%;53%;13;15;4;4;6;8;3;3;23;17;5;4;1;3;4;3;16;20;2;3;384;435;11;12;99;100;28;26;0;1;;;;;;
33;Santos;Corinthians;1;0;46%;54%;11;11;5;4;2;4;4;3;25;26;6;5;2;2;4;4;24;25;;;367;419;15;14;88;116;35;43;;;;;;;;
36;Sport;Red Bull Bragantino;0;0;31%;69%;4;22;0;6;3;10;1;6;11;7;1;15;0;1;6;0;8;10;3;0;271;579;13;17;75;164;25;75;;;;;;;;
36;Ceará;Fluminense;1;3;52%;48%;13;9;5;4;6;3;2;2;7;18;9;0;0;0;1;4;18;8;1;1;434;429;12;19;105;102;71;41;;;;;;;;
36;Grêmio;São Paulo;1;2;51%;49%;5;11;3;4;1;6;1;1;18;19;5;2;0;0;2;2;19;18;6;4;523;492;10;15;100;110;39;58;1;0;;;;;;
36;Athletico-PR;Atlético-GO;2;1;60%;40%;8;11;3;4;5;6;0;1;12;18;7;4;4;3;3;1;14;9;3;1;454;306;8;19;116;83;60;34;;;;;;;;
36;Palmeiras;Fortaleza;3;0;68%;32%;13;5;6;1;4;2;3;2;11;20;3;4;4;0;1;3;16;11;0;3;610;284;14;12;137;85;30;35;;;;;;;;
36;Flamengo;Corinthians;2;1;66%;34%;14;11;5;3;8;1;1;7;17;25;4;3;4;1;2;3;21;16;1;5;594;305;15;17;155;84;82;24;;;;;;;;
36;Vasco;Internacional;0;2;64%;36%;8;16;0;7;5;5;3;4;20;11;3;9;2;0;5;0;9;20;1;6;459;256;10;10;135;82;60;44;;;;;;;;
36;Atlético-MG;Bahia;1;1;71%;29%;21;13;4;5;6;4;11;4;10;12;6;2;1;1;4;3;10;9;1;1;741;301;14;11;196;56;105;29;;;;;;;;
36;Santos;Coritiba;2;0;57%;43%;17;8;6;3;8;4;3;1;17;18;7;3;3;1;3;4;15;16;0;4;475;364;10;13;106;80;55;21;;;;;;;;
36;Goiás;Botafogo;2;0;54%;46%;11;11;7;3;3;6;1;2;28;25;2;5;2;2;3;5;22;26;4;3;416;347;19;13;88;105;37;43;0;1;;;;;;
35;Corinthians;Athletico-PR;3;3;44%;56%;18;12;8;7;6;3;4;2;12;20;3;2;0;0;4;5;19;12;3;0;419;529;12;16;106;102;44;29;;;;;;;;
35;Fluminense;Atlético-MG;0;0;27%;73%;10;8;3;1;4;4;3;3;14;11;6;6;3;1;1;3;8;13;0;1;308;836;18;16;82;159;50;56;;;;;;;;
35;São Paulo;Ceará;1;1;60%;40%;16;8;9;2;5;4;2;2;20;13;6;4;2;2;1;8;10;17;4;4;494;326;9;13;101;83;49;31;;;;;;;;
35;Fortaleza;Vasco;3;0;43%;57%;17;12;7;1;5;5;5;6;15;16;5;7;1;1;1;4;15;14;2;4;388;487;18;6;97;122;37;32;;;;;;;;
35;Internacional;Sport;1;2;58%;42%;19;8;4;2;8;4;7;2;12;12;7;3;0;1;0;3;12;11;2;3;530;376;9;13;138;83;56;30;1;0;;;;;;
35;Botafogo;Grêmio;2;5;47%;53%;18;13;6;7;10;3;2;3;19;14;5;2;1;1;2;4;14;18;;;408;467;12;17;113;100;41;46;;;;;;;;
35;Red Bull Bragantino;Flamengo;1;1;47%;53%;12;15;5;7;7;4;0;4;20;20;5;4;1;4;6;4;20;16;4;1;362;420;13;25;102;109;37;58;;;;;;;;
35;Atlético-GO;Santos;1;1;30%;70%;8;18;3;3;5;11;0;4;16;18;0;10;1;4;2;2;18;13;2;2;235;494;13;10;69;126;20;87;1;0;;;;;;
35;Bahia;Goiás;3;3;47%;53%;9;17;7;6;1;8;1;3;15;18;8;1;1;1;3;4;18;13;3;4;379;421;17;18;32;32;9;12;1;0;;;;;;
34;Botafogo;Sport;0;1;66%;34%;25;10;6;2;10;3;9;5;19;13;10;8;3;0;1;6;11;19;1;3;542;282;24;18;170;65;66;37;;;;;;;;
34;Athletico-PR;Internacional;0;0;69%;31%;12;5;4;1;8;3;0;1;22;17;3;2;2;1;1;4;15;20;3;2;586;259;14;12;124;88;42;32;;;;;;;;
34;Flamengo;Vasco;2;0;60%;40%;17;6;6;3;4;2;7;1;15;19;7;5;0;1;3;4;19;15;1;3;527;347;28;18;145;76;57;28;;;;;;;;
34;Fortaleza;Coritiba;3;1;53%;47%;16;5;7;2;6;3;3;0;17;18;4;4;0;3;1;4;18;15;2;7;402;345;10;11;97;71;22;26;0;2;;;;;;
34;Bahia;Fluminense;0;1;54%;46%;12;13;6;6;3;6;3;1;13;15;4;1;0;2;5;6;15;11;1;1;520;432;19;26;142;119;53;32;;;;;;;;
34;Corinthians;Ceará;2;1;35%;65%;18;7;7;1;6;4;5;2;15;21;8;3;2;2;0;5;18;14;;;302;559;15;16;106;135;41;45;;;;;;;;
34;Goiás;Atlético-MG;1;0;23%;77%;3;19;1;2;1;12;1;5;17;15;1;8;2;4;2;0;13;13;3;3;241;818;15;14;57;174;17;101;;;;;;;;
34;Red Bull Bragantino;Atlético-GO;2;0;52%;48%;20;8;10;1;5;7;5;0;8;17;8;3;2;1;1;8;15;7;3;3;414;390;24;12;126;100;64;45;;;;;;;;
34;Grêmio;Santos;3;3;63%;37%;17;9;6;5;9;0;2;4;19;11;5;3;1;0;2;3;12;20;5;3;538;313;5;12;148;68;42;32;0;1;;;;;;
33;Palmeiras;Botafogo;1;1;54%;46%;17;17;2;3;9;9;6;5;10;18;12;6;1;0;2;1;16;10;2;1;439;387;8;12;102;84;56;32;;;;;;;;
33;Sport;Flamengo;0;3;38%;62%;8;21;2;9;3;8;3;4;21;15;2;6;0;1;6;2;15;20;2;2;350;563;6;20;87;115;35;55;;;;;;;;
33;Fluminense;Goiás;3;0;43%;57%;17;12;6;0;10;9;1;3;15;10;7;2;1;0;0;3;9;15;1;2;371;492;12;19;92;142;27;37;;;;;;;;
33;Internacional;Red Bull Bragantino;2;1;36%;64%;12;16;3;6;5;7;4;3;11;11;3;7;0;0;5;1;11;12;3;0;306;532;10;12;111;124;46;42;;;;;;;;
33;Atlético-MG;Fortaleza;2;0;72%;28%;12;4;5;1;5;2;2;1;16;18;5;1;3;2;1;3;16;15;0;1;788;308;9;10;133;89;64;16;;;;;;;;
33;Atlético-GO;São Paulo;2;1;40%;60%;11;13;3;3;4;7;4;3;11;14;8;5;1;1;2;1;13;9;3;1;333;500;8;10;101;106;43;42;;;;;;;;
33;Ceará;Athletico-PR;0;2;45%;55%;9;11;2;2;5;5;2;4;20;16;4;4;1;2;0;2;15;18;0;2;378;453;14;18;84;112;46;45;;;;;;;;
33;Coritiba;Grêmio;1;1;47%;53%;8;20;2;3;4;13;2;4;13;25;2;3;0;2;2;1;26;12;3;3;407;468;12;8;88;115;35;40;;;;;;;;
33;Vasco;Bahia;0;0;49%;51%;8;9;5;2;3;5;0;2;17;14;6;6;0;1;2;5;15;16;1;3;401;422;9;12;109;91;50;42;1;0;;;;;;
23;Grêmio;Flamengo;2;4;51%;49%;8;14;5;6;1;6;2;2;24;16;2;5;1;0;2;3;15;24;5;3;549;532;18;21;109;116;28;67;;;;;;;;
30;Bahia;Corinthians;2;1;42%;58%;8;17;7;5;1;7;0;5;20;24;3;10;0;1;4;5;24;19;3;1;291;381;15;11;80;134;17;66;;;;;;;;
28;Atlético-MG;Santos;2;0;65%;35%;10;5;5;3;1;2;4;0;14;11;4;2;1;0;3;3;10;14;1;1;665;341;18;9;133;96;30;27;;;;;;;;
1;Palmeiras;Vasco;1;1;54%;46%;14;12;3;3;7;5;4;4;15;19;6;3;0;2;2;2;19;11;1;1;478;392;18;6;103;99;44;42;;;;;;;;
32;Corinthians;Red Bull Bragantino;0;2;59%;41%;13;13;5;4;4;5;4;4;16;18;8;3;2;3;2;5;16;14;5;4;547;379;20;18;139;120;55;37;;;;;;;;
32;Fluminense;Botafogo;2;0;48%;52%;12;5;5;0;5;3;2;2;20;20;2;1;0;1;0;3;20;20;2;1;395;436;25;20;132;108;51;34;;;;;;;;
32;Atlético-GO;Fortaleza;2;0;45%;55%;7;11;3;3;2;4;2;4;14;11;5;5;0;2;3;1;12;13;2;3;327;397;11;18;89;95;39;44;0;1;;;;;;
32;Santos;Goiás;3;4;63%;37%;20;17;9;6;7;8;4;3;20;14;11;3;4;2;2;6;11;19;4;4;469;271;16;12;107;77;62;27;;;;;;;;
32;Sport;Bahia;2;0;57%;43%;18;9;6;2;4;5;8;2;9;20;10;3;5;1;2;4;16;8;3;0;444;335;9;17;130;94;69;32;;;;;;;;
32;Athletico-PR;Flamengo;2;1;41%;59%;11;12;8;2;1;4;2;6;12;24;3;3;4;1;1;6;20;11;2;0;382;558;16;16;69;150;32;69;;;;;;;;
32;Ceará;Palmeiras;2;1;40%;60%;9;12;3;4;5;5;1;3;20;12;2;7;3;6;3;1;9;16;4;5;340;480;16;6;86;92;36;57;1;0;;;;;;
32;Internacional;Grêmio;2;1;46%;54%;17;9;5;3;5;4;7;2;16;18;6;1;0;1;2;3;19;15;2;2;383;462;6;19;100;118;44;38;;;;;;;;
32;Vasco;Atlético-MG;3;2;25%;75%;6;17;3;4;2;9;1;4;11;14;2;9;0;0;2;0;15;11;4;1;233;679;13;11;61;156;11;85;;;;;;;;
32;São Paulo;Coritiba;1;1;64%;36%;18;10;6;3;11;5;1;2;16;20;7;2;1;0;2;5;19;16;1;2;640;367;13;9;158;76;62;25;;;;;;;;
31;Corinthians;Sport;3;0;61%;39%;20;10;12;4;6;4;2;2;9;11;6;5;2;3;4;9;9;7;1;0;546;347;13;8;118;105;70;31;;;;;;;;
31;Flamengo;Palmeiras;2;0;51%;49%;15;6;6;0;4;4;5;2;17;27;4;1;1;2;0;4;26;15;2;2;463;446;7;17;115;93;42;28;;;;;;;;
31;Fortaleza;Santos;2;0;47%;53%;10;12;3;3;4;8;3;1;14;23;7;5;4;1;3;1;20;14;3;0;338;378;18;13;101;70;39;31;;;;;;;;
31;Goiás;Ceará;0;4;56%;44%;14;12;2;4;9;3;3;5;12;12;6;1;1;0;0;2;12;10;1;0;481;384;13;13;158;78;58;29;;;;;;;;
31;Red Bull Bragantino;Vasco;4;1;53%;47%;20;8;9;4;8;3;3;1;16;13;3;3;1;0;3;5;12;17;;;520;455;23;12;127;106;56;35;;;;;;;;
31;São Paulo;Internacional;1;5;71%;29%;11;19;5;7;4;8;2;4;21;15;7;2;0;2;2;4;15;19;2;1;616;255;8;15;125;94;38;28;;;;;;;;
31;Coritiba;Fluminense;3;3;41%;59%;8;20;4;5;4;10;0;5;11;22;2;12;1;1;2;1;21;10;1;4;336;460;21;15;71;139;11;79;1;1;;;;;;
31;Grêmio;Atlético-MG;1;1;58%;42%;8;10;3;4;3;4;2;2;9;11;3;1;1;2;3;2;11;7;1;1;636;470;9;21;130;105;52;31;;;;;;;;
31;Bahia;Athletico-PR;1;0;40%;60%;11;12;4;1;6;7;1;4;16;18;9;4;3;2;1;3;15;14;2;0;346;526;14;12;85;146;48;55;;;;;;;;
31;Botafogo;Atlético-GO;1;3;48%;52%;17;14;5;5;7;4;5;5;15;19;3;6;1;1;2;4;18;14;2;3;366;386;19;14;113;113;42;46;;;;;;;;
30;Goiás;Flamengo;0;3;41%;59%;9;12;3;6;3;4;3;2;16;25;4;5;1;3;3;3;24;13;5;1;358;531;18;13;99;125;40;58;;;;;;;;
28;Palmeiras;Corinthians;4;0;57%;43%;15;10;8;4;5;3;2;3;11;17;7;7;3;0;4;4;14;11;2;3;427;325;10;9;113;78;38;46;0;1;;;;;;
30;Ceará;Red Bull Bragantino;1;2;37%;63%;12;15;3;7;7;4;2;4;15;12;6;9;1;0;5;2;13;16;1;2;288;492;12;18;74;138;39;75;;;;;;;;
30;Internacional;Fortaleza;4;2;45%;55%;11;10;5;2;4;4;2;4;18;24;6;1;0;1;0;1;24;17;0;3;353;442;9;9;100;93;38;32;;;;;;;;
30;Atlético-MG;Atlético-GO;3;1;60%;40%;22;13;6;3;10;5;6;5;16;13;10;9;0;2;2;3;13;14;2;3;544;357;13;6;111;87;52;32;;;;;;;;
30;Athletico-PR;São Paulo;1;1;41%;59%;8;9;3;2;2;4;3;3;22;10;1;3;0;8;1;2;10;14;2;1;374;547;15;8;47;92;18;28;;;;;;;;
30;Santos;Botafogo;2;1;59%;41%;23;6;5;3;11;2;7;1;27;9;15;6;2;3;2;3;8;24;2;1;408;283;11;16;68;55;59;15;;;;;;;;
30;Vasco;Coritiba;0;1;52%;48%;10;13;3;4;4;4;3;5;13;10;10;2;1;0;3;3;10;13;2;2;505;467;9;25;124;90;57;34;1;0;;;;;;
30;Fluminense;Sport;1;0;65%;35%;11;10;1;0;8;7;2;3;19;25;5;4;2;1;0;0;23;18;1;1;531;270;14;13;109;90;32;37;0;1;;;;;;
30;Palmeiras;Grêmio;1;1;45%;55%;16;12;6;7;8;3;2;2;10;23;3;7;2;0;6;5;22;10;3;1;430;530;13;16;107;88;40;37;;;;;;;;
29;Corinthians;Fluminense;5;0;58%;42%;19;13;8;2;4;5;7;6;18;17;3;3;1;3;2;3;17;15;1;2;511;367;13;9;112;112;57;27;;;;;;;;
29;Red Bull Bragantino;Atlético-MG;2;2;44%;56%;11;19;4;6;2;7;5;6;12;14;6;6;0;1;4;2;15;11;4;0;389;491;16;15;84;121;19;65;;;;;;;;
29;Vasco;Botafogo;3;0;50%;50%;18;12;7;5;4;5;7;2;15;11;6;3;0;4;5;4;11;13;1;0;459;457;21;21;118;108;53;51;;;;;;;;
29;Atlético-GO;Bahia;1;1;42%;58%;13;16;5;4;5;4;3;8;18;23;6;6;3;1;3;4;20;18;2;0;299;417;23;21;89;107;69;49;;;;;;;;
29;Internacional;Goiás;1;0;41%;59%;10;14;3;4;5;5;2;5;15;16;6;2;2;1;4;2;14;14;0;2;331;477;15;21;117;127;40;45;;;;;;;;
29;Flamengo;Ceará;0;2;75%;25%;21;8;5;4;12;1;4;3;9;12;6;1;3;0;2;5;10;12;3;1;677;232;18;19;163;75;100;28;;;;;;;;
29;São Paulo;Santos;0;1;69%;31%;26;7;5;2;14;1;7;4;21;18;8;3;0;0;1;5;19;21;2;4;533;251;4;18;138;63;71;29;;;;;;;;
29;Fortaleza;Grêmio;0;0;54%;46%;14;11;5;3;4;4;5;4;13;20;4;5;3;1;3;5;17;12;4;2;449;369;11;10;123;100;36;42;;;;;;;;
29;Coritiba;Athletico-PR;0;0;41%;59%;13;3;2;1;8;1;3;1;10;11;3;2;0;0;1;2;11;10;2;1;388;578;14;10;84;121;55;26;;;;;;;;
29;Sport;Palmeiras;0;1;58%;42%;11;12;5;4;4;6;2;2;23;17;7;6;2;2;3;5;15;21;5;3;515;366;8;21;127;103;76;38;;;;;;;;
28;Atlético-GO;Vasco;0;0;44%;56%;8;15;3;6;4;6;1;3;19;21;3;4;2;2;6;3;19;17;3;2;336;422;13;7;85;106;41;46;;;;;;;;
28;Ceará;Internacional;0;2;60%;40%;19;8;6;3;6;3;7;2;17;17;7;4;0;0;1;6;18;16;6;4;495;329;18;9;107;85;50;42;;;;;;;;
28;Flamengo;Fluminense;1;2;72%;28%;19;11;8;5;7;4;4;2;24;12;11;4;0;2;3;7;12;22;1;4;673;252;16;11;168;68;84;28;;;;;;;;
28;Red Bull Bragantino;São Paulo;4;2;48%;52%;23;8;10;4;11;2;2;2;7;17;4;5;0;3;2;6;17;4;2;2;457;489;20;9;102;88;45;37;0;1;;;;;;
28;Coritiba;Goiás;1;2;56%;44%;16;11;2;5;11;2;3;4;19;14;6;4;2;2;3;1;13;19;4;3;463;359;17;15;124;111;44;37;;;;;;;;
28;Sport;Fortaleza;1;0;35%;65%;6;17;1;1;2;9;3;7;13;14;4;8;0;1;1;0;14;12;3;1;270;495;14;13;79;139;39;92;;;;;;;;
28;Botafogo;Athletico-PR;0;2;61%;39%;25;8;8;4;11;4;6;0;22;18;3;3;4;1;2;8;14;21;3;2;506;325;7;14;150;63;66;27;;;;;;;;
28;Grêmio;Bahia;2;1;49%;51%;11;17;2;5;4;8;5;4;18;11;3;10;0;1;4;0;11;17;2;4;405;410;11;10;107;97;31;60;;;;;;;;
27;Grêmio;Atlético-GO;2;1;45%;55%;10;9;4;2;4;5;2;2;17;12;5;9;1;1;1;2;11;15;2;3;405;476;10;12;99;111;55;51;;;;;;;;
27;Athletico-PR;Vasco;3;0;56%;44%;16;11;8;4;6;5;2;2;14;15;6;5;1;3;4;5;14;11;0;1;481;374;14;9;85;100;42;30;;;;;;;;
27;Palmeiras;Red Bull Bragantino;1;0;41%;59%;6;21;1;2;5;10;0;9;7;11;5;8;1;1;2;0;10;6;3;0;345;484;9;12;68;117;31;59;;;;;;;;
27;Santos;Ceará;1;1;65%;35%;11;11;5;4;2;5;4;2;25;17;11;2;2;1;3;4;15;24;2;3;473;257;12;34;120;85;72;28;;;;;;;;
27;Bahia;Internacional;1;2;51%;49%;14;15;3;10;9;2;2;3;14;17;6;7;0;2;8;2;18;12;3;1;375;359;31;16;103;99;46;56;;;;;;;;
27;Botafogo;Corinthians;0;2;46%;54%;11;13;1;6;9;4;1;3;22;21;2;7;2;2;4;1;19;20;1;1;451;508;11;10;101;117;34;65;;;;;;;;
27;Fluminense;São Paulo;1;2;41%;59%;9;12;1;5;8;1;0;6;22;17;0;2;0;0;3;0;17;22;3;1;398;579;22;16;89;114;29;37;;;;;;;;
27;Fortaleza;Flamengo;0;0;36%;64%;11;13;4;2;6;6;1;5;13;22;4;4;1;0;2;4;22;14;3;3;292;518;12;18;94;115;45;57;;;;;;;;
27;Goiás;Sport;1;0;39%;61%;10;16;3;4;6;6;1;6;22;22;4;5;0;4;4;2;22;18;4;1;315;501;18;13;100;127;28;77;;;;;;;;
27;Atlético-MG;Coritiba;2;0;70%;30%;25;7;9;3;7;4;9;0;15;16;13;3;0;2;3;7;15;13;;;664;281;17;11;146;52;98;22;;;;;;;;
26;Corinthians;Goiás;2;1;63%;37%;19;17;6;7;10;6;3;4;17;15;12;4;5;2;6;4;11;15;1;0;536;310;12;14;127;90;82;42;;;;;;;;
26;Fortaleza;Ceará;0;2;60%;40%;10;6;0;5;6;1;4;0;17;17;5;1;0;0;3;0;18;17;1;1;402;270;11;10;110;88;49;25;1;0;;;;;;
26;Flamengo;Bahia;4;3;49%;51%;16;17;5;6;5;2;6;9;23;19;7;8;2;1;3;1;17;22;1;3;382;396;11;20;93;97;36;58;1;1;;;;;;
26;Red Bull Bragantino;Athletico-PR;0;1;69%;31%;21;4;6;1;10;2;5;1;24;13;17;4;6;6;0;6;8;17;2;5;499;225;12;13;119;44;104;19;;;;;;;;
26;Vasco;Santos;1;0;35%;65%;4;19;2;5;1;9;1;5;16;27;1;2;0;1;5;1;26;15;2;0;252;452;15;19;95;120;28;59;;;;;;;;
26;Coritiba;Botafogo;1;2;45%;55%;10;18;4;3;6;5;0;10;20;14;4;11;2;2;1;3;14;18;3;1;342;404;23;9;101;105;37;42;;;;;;;;
26;Internacional;Palmeiras;2;0;42%;58%;12;13;4;0;3;10;5;3;23;14;4;8;1;1;0;2;13;23;4;2;329;439;20;14;101;114;31;53;;;;;;;;
26;Sport;Grêmio;1;1;43%;57%;9;13;2;1;5;5;2;7;11;22;3;7;2;2;0;1;21;9;2;3;400;519;16;14;78;138;33;72;0;1;;;;;;
26;Atlético-GO;Fluminense;2;1;39%;61%;11;5;5;2;3;1;3;2;15;20;11;6;0;0;1;3;18;18;3;4;280;452;14;12;85;91;43;32;;;;;;;;
26;São Paulo;Atlético-MG;3;0;48%;52%;17;14;7;6;7;3;3;5;13;11;5;3;3;3;6;4;9;10;2;4;483;536;19;9;82;102;37;45;0;1;;;;;;
25;Vasco;Fluminense;1;1;44%;56%;20;10;4;4;9;6;7;0;14;20;4;2;1;0;3;3;21;14;6;2;404;516;12;12;119;97;38;27;;;;;;;;
25;Corinthians;São Paulo;1;0;38%;62%;14;17;5;6;7;4;2;7;9;12;4;5;0;1;6;4;12;8;0;1;310;499;24;13;105;118;42;42;;;;;;;;
25;Sport;Coritiba;1;0;55%;45%;20;14;6;3;9;6;5;5;14;20;7;6;0;0;3;5;20;14;0;1;448;369;17;21;110;99;53;48;;;;;;;;
25;Flamengo;Santos;4;1;56%;44%;12;6;4;3;8;3;0;0;11;15;6;4;3;2;2;0;12;11;2;1;460;367;14;14;115;66;57;29;;;;;;;;
25;Ceará;Atlético-GO;1;2;40%;60%;8;12;3;6;4;1;1;5;17;14;2;8;3;2;4;2;13;15;0;3;341;503;17;17;83;112;32;45;;;;;;;;
25;Goiás;Grêmio;0;0;40%;60%;12;17;2;5;6;8;4;4;12;12;4;9;0;2;5;2;12;10;4;1;300;448;17;17;84;117;23;83;;;;;;;;
25;Internacional;Botafogo;2;1;49%;51%;12;12;3;2;7;7;2;3;19;24;4;6;0;0;1;1;23;19;4;5;414;444;5;13;118;109;42;27;;;;;;;;
25;Palmeiras;Bahia;3;0;59%;41%;15;18;7;7;3;6;5;5;20;15;8;7;4;1;7;4;11;20;2;3;509;343;12;9;102;80;46;33;;;;;;;;
25;Athletico-PR;Atlético-MG;0;1;43%;57%;16;10;5;3;8;5;3;2;17;22;5;3;4;4;2;5;20;13;2;2;353;484;9;9;93;99;29;37;;;;;;;;
25;Red Bull Bragantino;Fortaleza;2;1;52%;48%;14;13;7;5;6;6;1;2;19;16;2;5;0;2;4;5;17;18;3;2;424;393;12;16;122;97;44;44;;;;;;;;
18;São Paulo;Botafogo;4;0;66%;34%;31;8;14;1;13;6;4;1;7;14;12;0;1;0;1;10;12;8;0;2;644;352;9;10;145;77;83;11;0;1;;;;;;
24;Atlético-GO;Goiás;0;1;68%;32%;12;10;3;2;4;7;5;1;23;21;15;1;4;2;1;3;17;21;3;3;422;203;15;18;123;71;66;30;;;;;;;;
24;Atlético-MG;Internacional;2;2;63%;37%;9;10;2;3;6;4;1;3;18;21;3;4;4;5;1;1;18;14;2;6;584;316;10;14;81;71;30;27;;;;;;;;
24;Grêmio;Vasco;4;0;60%;40%;22;6;10;3;9;2;3;1;8;10;5;3;1;1;3;6;9;8;2;1;600;404;11;20;86;70;38;28;;;;;;;;
24;São Paulo;Sport;1;0;63%;37%;13;4;7;0;4;4;2;0;20;17;11;1;0;3;0;6;17;16;4;4;641;378;10;11;98;80;51;30;;;;;;;;
24;Coritiba;Red Bull Bragantino;0;0;43%;57%;9;23;3;5;3;13;3;5;26;19;3;12;2;0;5;3;17;26;4;3;333;419;15;14;91;129;25;57;;;;;;;;
24;Bahia;Ceará;0;2;52%;48%;9;11;2;5;5;4;2;2;18;13;6;4;1;1;3;2;12;17;2;2;448;416;11;15;115;96;44;49;;;;;;;;
24;Fluminense;Athletico-PR;3;1;69%;31%;27;5;13;1;8;2;6;2;17;18;15;2;2;0;0;10;16;18;4;4;578;254;11;11;120;77;70;19;0;1;;;;;;
24;Botafogo;Flamengo;0;1;34%;66%;13;14;3;3;4;4;6;7;25;17;5;7;0;0;2;3;16;26;1;1;293;572;19;14;83;135;29;94;1;1;;;;;;
24;Santos;Palmeiras;2;2;60%;40%;15;11;5;5;8;3;2;3;17;17;8;7;2;0;3;3;14;16;3;3;388;264;9;11;96;74;50;26;0;1;;;;;;
1;Goiás;São Paulo;0;3;41%;59%;9;15;3;6;4;6;2;3;20;17;2;9;0;1;3;3;16;19;3;0;317;456;12;13;64;68;45;56;;;;;;;;
24;Fortaleza;Corinthians;0;0;45%;55%;13;9;5;4;5;3;3;2;14;15;3;4;2;0;4;5;12;15;1;2;343;413;15;8;113;106;53;39;1;1;;;;;;
23;Fluminense;Red Bull Bragantino;0;0;45%;55%;7;11;1;4;3;3;3;4;21;19;5;5;4;0;4;1;15;21;2;3;362;438;17;24;94;116;40;48;;;;;;;;
6;Grêmio;Goiás;2;1;65%;35%;26;5;10;2;12;2;4;1;16;18;8;1;2;1;1;8;15;17;2;2;671;346;17;17;132;85;75;25;;;;;;;;
23;Vasco;Ceará;1;4;68%;32%;12;11;4;6;7;4;1;1;20;14;9;3;1;3;2;3;15;18;3;2;487;230;9;16;130;71;57;33;;;;;;;;
23;Atlético-GO;Internacional;0;0;42%;58%;9;17;0;6;3;8;6;3;21;24;8;9;5;4;6;0;20;18;1;4;281;397;8;14;81;88;36;51;0;1;;;;;;
23;Bahia;São Paulo;1;3;37%;63%;15;17;6;8;4;4;5;5;16;13;5;9;1;1;5;5;12;15;0;2;347;597;7;9;86;116;52;70;;;;;;;;
23;Palmeiras;Athletico-PR;3;0;58%;42%;22;4;8;1;11;3;3;0;17;21;10;1;4;2;1;5;16;15;2;1;469;356;11;10;118;76;62;17;;;;;;;;
23;Santos;Sport;4;2;59%;41%;11;9;5;3;4;2;2;4;23;19;5;4;3;0;1;1;17;24;3;3;423;291;12;14;102;77;36;26;;;;;;;;
23;Fortaleza;Goiás;1;1;70%;30%;15;6;8;1;6;3;1;2;20;20;2;0;3;0;0;7;17;19;2;0;620;268;9;11;143;82;48;21;;;;;;;;
23;Atlético-MG;Botafogo;2;1;54%;46%;11;4;6;3;5;1;0;0;22;26;10;2;2;4;2;4;25;19;2;4;463;396;11;14;98;66;30;17;;;;;;;;
23;Coritiba;Corinthians;0;1;53%;47%;11;11;3;2;6;5;2;4;26;13;4;2;1;2;1;3;13;25;2;2;463;418;11;12;124;109;53;45;;;;;;;;
16;Ceará;São Paulo;1;1;32%;68%;11;18;6;4;3;8;2;6;14;22;5;5;2;1;3;5;20;13;5;3;305;659;16;9;93;111;42;46;;;;;;;;
22;Sport;Atlético-GO;0;1;63%;37%;11;12;1;4;5;6;5;2;19;17;10;5;1;2;3;1;17;16;1;3;432;260;15;14;115;76;67;40;;;;;;;;
22;Corinthians;Grêmio;0;0;32%;68%;7;15;1;3;3;7;3;5;15;15;4;12;3;1;3;1;12;14;3;1;301;618;20;10;85;129;42;59;2;0;74;91;224;563;;
22;Botafogo;Fortaleza;1;2;58%;42%;19;11;6;6;6;2;7;3;17;20;7;5;3;2;4;5;18;15;1;1;474;357;13;15;130;74;70;17;;;89;79;420;281;;
22;Internacional;Fluminense;1;2;50%;50%;13;7;4;2;7;3;2;2;18;20;4;4;1;0;0;3;20;20;2;4;452;455;15;17;126;102;53;28;;;81;81;365;367;;
22;Ceará;Atlético-MG;2;2;46%;54%;11;18;5;4;6;8;0;6;14;12;2;7;2;1;2;3;11;12;4;1;401;456;10;24;112;119;39;35;0;1;79;82;316;376;;
22;São Paulo;Vasco;1;1;69%;31%;17;6;5;3;8;2;4;1;22;9;7;4;2;2;2;4;7;19;2;4;685;297;11;17;151;76;47;17;;;88;71;601;212;;
22;Goiás;Palmeiras;1;0;60%;40%;8;14;2;3;6;7;0;4;16;20;1;4;1;1;3;1;20;15;2;2;487;333;8;22;110;100;51;33;0;1;;;;;;
22;Athletico-PR;Santos;1;0;60%;40%;13;6;4;4;5;2;4;0;14;24;9;2;2;1;4;3;22;13;0;2;527;343;15;11;88;61;41;23;;;;;;;;
22;Flamengo;Coritiba;3;1;62%;38%;23;6;9;1;10;2;4;3;19;16;4;4;0;1;0;6;16;18;1;3;654;402;19;12;77;67;45;28;;;;;;;;
22;Red Bull Bragantino;Bahia;4;0;52%;48%;12;7;7;1;3;3;2;3;13;17;5;9;0;0;1;3;16;13;2;4;443;383;13;12;89;77;31;30;;;;;;;;
16;Vasco;Fortaleza;0;0;47%;53%;11;18;5;5;4;6;2;7;21;12;4;11;1;1;5;5;11;20;2;0;360;396;8;13;111;100;33;43;;;;;;;;
6;Atlético-MG;Athletico-PR;0;2;64%;36%;21;10;6;6;8;3;7;1;20;8;9;1;1;1;4;6;7;23;1;2;535;304;10;21;125;76;66;28;;;;;;;;
21;Botafogo;Red Bull Bragantino;1;2;61%;39%;12;11;3;5;8;5;1;1;18;17;7;3;2;0;3;2;16;18;0;3;440;275;9;13;124;86;43;38;;;;;;;;
21;Coritiba;Bahia;1;2;53%;47%;16;15;2;5;8;6;6;4;13;10;7;5;1;1;3;1;12;12;3;4;451;401;7;8;104;97;40;38;;;;;;;;
21;Flamengo;Atlético-GO;1;1;66%;34%;19;10;7;5;9;4;3;1;19;15;11;4;1;2;4;6;15;16;2;1;558;296;8;10;143;76;81;39;;;;;;;;
21;Palmeiras;Fluminense;2;0;51%;49%;9;15;5;5;2;8;2;2;12;18;3;5;3;3;5;3;15;8;2;2;448;441;16;19;113;114;42;34;;;;;;;;
21;Corinthians;Atlético-MG;1;2;33%;67%;8;13;1;4;3;7;4;2;13;30;6;6;1;1;2;0;29;11;3;5;266;547;14;12;85;132;34;45;;;;;;;;
21;Fortaleza;São Paulo;2;3;50%;50%;12;8;5;5;7;2;0;1;18;15;2;3;1;2;2;3;15;18;2;4;396;403;9;14;94;103;34;43;;;;;;;;
21;Grêmio;Ceará;4;2;61%;39%;16;11;7;3;5;6;4;2;13;10;3;4;1;0;1;3;8;14;1;2;745;473;9;14;131;125;42;45;;;;;;;;
21;Goiás;Athletico-PR;0;1;47%;53%;10;16;1;8;7;4;2;4;12;17;8;10;3;0;7;1;14;12;5;1;337;382;13;13;99;75;45;59;;;;;;;;
21;Santos;Internacional;2;0;39%;61%;10;12;7;6;1;4;2;2;20;23;2;7;1;2;6;5;24;18;1;2;301;473;8;18;79;139;31;29;;;;;;;;
21;Sport;Vasco;0;2;63%;37%;13;14;3;4;5;5;5;5;23;17;4;2;2;1;2;3;14;21;0;2;562;329;15;18;141;93;72;50;;;;;;;;
18;Bahia;Fortaleza;2;1;33%;67%;13;8;6;1;5;4;2;3;10;14;4;7;1;2;0;4;14;11;3;2;255;518;16;13;71;130;30;50;;;;;;;;
20;Ceará;Sport;0;0;53%;47%;26;4;6;1;13;2;7;1;13;21;9;1;4;0;1;6;17;13;0;3;419;391;16;12;126;86;67;31;;;;;;;;
20;Fluminense;Grêmio;0;1;60%;40%;12;13;4;4;3;7;5;2;15;13;4;5;1;2;3;4;12;13;0;1;562;366;18;18;115;93;42;44;;;;;;;;
20;Atlético-MG;Flamengo;4;0;30%;70%;9;13;4;5;4;5;1;3;15;21;2;7;1;1;5;1;21;13;5;4;284;637;18;15;67;143;19;71;;;;;;;;
20;Bahia;Botafogo;1;0;58%;42%;20;10;5;3;7;5;8;2;16;20;4;4;1;1;3;4;19;17;2;3;496;360;15;10;116;107;57;43;;;;;;;;
20;Red Bull Bragantino;Santos;1;1;48%;52%;12;4;2;0;6;2;4;2;21;16;5;3;1;1;0;1;15;20;1;4;412;448;11;20;137;96;53;44;;;;;;;;
20;Internacional;Coritiba;2;2;60%;40%;12;10;4;3;3;5;5;2;15;9;9;3;0;2;1;2;9;13;2;3;521;363;16;25;138;72;68;35;1;0;;;;;;
20;Vasco;Palmeiras;0;1;45%;55%;9;8;3;3;5;2;1;3;20;16;0;4;0;1;2;3;17;19;1;3;374;467;18;12;101;143;31;45;;;;;;;;
20;Atlético-GO;Corinthians;1;1;44%;56%;15;6;5;2;6;3;4;1;27;22;7;3;2;2;1;4;22;25;3;4;311;422;16;11;36;46;26;24;;;;;;;;
20;São Paulo;Goiás;2;1;65%;35%;20;8;9;3;6;3;5;2;20;10;10;2;1;1;2;7;9;19;2;2;503;270;14;10;96;73;99;57;0;1;;;;;;
20;Athletico-PR;Fortaleza;2;1;63%;37%;21;11;6;5;7;4;8;2;15;21;10;3;3;4;4;4;20;14;2;1;483;297;5;12;48;44;28;15;;;;;;;;
19;Grêmio;Red Bull Bragantino;2;1;56%;44%;11;13;3;7;5;4;3;2;12;15;3;4;1;0;6;1;13;12;1;1;576;455;20;15;136;114;49;40;;;;;;;;
19;Palmeiras;Atlético-MG;3;0;36%;64%;19;16;8;2;9;9;2;5;12;10;3;9;2;0;2;5;10;12;2;1;299;543;12;11;74;127;38;75;;;;;;;;
19;Goiás;Vasco;1;1;46%;54%;19;7;10;1;4;2;5;4;25;18;2;6;2;6;0;9;16;19;5;6;354;399;11;17;99;109;44;54;;;;;;;;
19;Santos;Bahia;3;1;56%;44%;9;21;6;6;2;7;1;8;15;18;6;9;2;3;5;3;19;13;4;2;455;344;16;19;109;113;48;39;;;;;;;;
19;Flamengo;São Paulo;1;4;53%;47%;17;13;7;8;3;3;7;2;15;19;6;4;2;0;4;6;18;18;4;3;446;397;16;21;109;77;72;28;;;;;;;;
19;Sport;Athletico-PR;1;0;41%;59%;11;12;3;2;4;7;4;3;17;19;2;5;3;3;2;2;17;15;2;1;340;476;18;8;93;127;43;48;1;0;;;;;;
19;Fortaleza;Fluminense;0;1;44%;56%;4;11;1;4;2;4;1;3;19;14;3;7;0;1;3;1;14;18;2;1;386;475;16;17;81;129;27;56;1;0;;;;;;
19;Corinthians;Internacional;1;0;35%;65%;8;7;3;0;4;4;1;3;16;20;2;4;2;2;0;2;17;12;4;3;315;579;15;18;113;153;41;67;0;1;;;;;;
19;Coritiba;Atlético-GO;1;0;30%;70%;5;14;1;5;3;4;1;5;18;22;0;12;0;0;5;0;22;18;2;5;249;552;21;11;73;142;17;51;;;;;;;;
19;Botafogo;Ceará;2;2;61%;39%;12;10;7;4;4;5;1;1;17;18;4;2;1;0;2;5;17;19;5;6;490;316;15;18;125;104;56;32;1;1;;;;;;
18;Athletico-PR;Grêmio;1;2;65%;35%;5;8;1;2;4;6;0;0;11;15;4;2;1;1;0;0;15;11;3;1;547;289;17;18;116;81;38;34;;;;;;;;
18;Internacional;Flamengo;2;2;28%;72%;10;16;5;6;4;5;1;5;16;17;1;7;1;1;4;3;16;15;6;5;244;617;25;19;90;151;25;76;;;;;;;;
18;Atlético-GO;Palmeiras;0;3;56%;44%;20;12;5;4;9;6;6;2;17;17;6;3;0;2;1;5;15;17;1;4;470;361;12;21;120;90;58;29;;;;;;;;
18;Fluminense;Santos;3;1;48%;52%;19;9;8;2;5;3;6;4;21;15;10;8;2;3;1;5;13;18;5;4;275;297;10;24;89;87;26;27;;;;;;;;
18;Atlético-MG;Sport;0;0;76%;24%;26;3;9;0;11;3;6;0;12;12;13;4;2;1;0;9;10;11;1;0;696;226;6;18;181;71;119;21;;;;;;;;
18;Ceará;Coritiba;2;1;37%;63%;15;15;4;6;8;6;3;3;11;23;5;7;1;1;5;2;22;12;3;1;269;480;12;9;99;133;52;50;;;;;;;;
18;Red Bull Bragantino;Goiás;2;0;52%;48%;14;7;5;1;6;5;3;1;19;18;6;4;1;3;1;3;17;15;0;3;390;357;17;11;121;107;66;31;;;;;;;;
18;Vasco;Corinthians;1;2;64%;36%;17;11;8;3;6;3;3;5;20;12;9;6;1;2;1;7;12;18;1;2;547;306;16;18;140;103;65;41;;;;;;;;
17;Bahia;Atlético-MG;3;1;34%;66%;13;20;6;4;4;11;3;5;15;15;2;8;1;1;3;3;14;14;4;1;294;553;12;17;74;147;26;77;;;;;;;;
17;Botafogo;Goiás;0;0;62%;38%;23;12;6;4;7;6;10;2;11;21;11;5;3;0;4;6;18;11;2;1;532;324;20;17;166;90;94;27;;;;;;;;
17;Fortaleza;Palmeiras;2;0;51%;49%;10;15;4;3;5;6;1;6;18;13;1;7;0;2;3;2;14;19;2;4;464;421;13;14;124;114;28;46;0;1;;;;;;
17;Red Bull Bragantino;Sport;2;0;50%;50%;18;3;4;2;11;0;3;1;13;14;8;6;1;0;2;2;13;13;2;2;452;453;13;18;128;103;82;31;;;;;;;;
17;Internacional;Vasco;2;0;52%;48%;13;8;7;4;4;4;2;0;10;18;6;3;1;0;4;5;17;11;1;1;523;481;20;12;122;100;38;37;;;;;;;;
17;Corinthians;Flamengo;1;5;39%;61%;19;11;7;6;8;3;4;2;15;13;10;3;1;2;1;6;14;13;4;5;313;530;13;24;98;124;42;52;;;;;;;;
17;São Paulo;Grêmio;0;0;62%;38%;8;11;1;2;7;6;0;3;17;24;2;7;1;2;2;1;24;15;4;2;533;315;17;20;93;86;36;45;;;;;;;;
17;Atlético-GO;Athletico-PR;1;1;37%;63%;11;17;1;6;8;7;2;4;21;12;2;11;1;2;5;0;10;20;3;5;271;454;11;13;77;118;33;76;2;0;;;;;;
17;Coritiba;Santos;1;2;53%;47%;18;6;4;2;9;2;5;2;19;17;8;1;1;0;0;3;18;25;5;2;384;340;12;19;109;85;58;32;;;;;;;;
17;Fluminense;Ceará;2;2;58%;42%;6;17;3;4;2;7;1;6;17;18;4;3;2;2;2;1;16;17;3;3;529;379;19;21;115;106;30;46;;;;;;;;
16;Goiás;Bahia;1;1;53%;47%;10;13;4;3;4;6;2;4;20;17;5;2;1;3;2;3;16;18;5;4;402;348;17;9;130;97;36;51;0;1;;;;;;
16;Flamengo;Red Bull Bragantino;1;1;69%;31%;19;11;10;3;5;5;4;3;11;14;5;1;1;2;2;9;16;14;2;1;596;270;12;25;102;85;58;39;;;;;;;;
16;Athletico-PR;Corinthians;0;1;61%;39%;15;13;9;6;4;5;2;2;13;16;8;2;2;1;5;9;18;14;3;3;534;332;7;12;149;75;57;27;0;1;;;;;;
16;Atlético-MG;Fluminense;1;1;65%;35%;13;11;8;3;3;6;2;2;13;9;9;4;0;3;2;7;11;9;3;1;554;299;25;19;127;79;75;43;;;;;;;;
16;Sport;Internacional;3;5;49%;51%;13;14;5;8;6;5;2;1;21;7;2;7;1;3;3;2;6;19;3;2;437;445;9;18;93;98;31;43;;;;;;;;
16;Santos;Atlético-GO;0;1;59%;41%;12;8;3;1;5;5;4;2;26;19;7;2;1;2;0;3;18;21;3;3;400;288;14;15;102;93;41;30;;;;;;;;
16;Grêmio;Botafogo;3;1;50%;50%;10;16;4;3;5;11;1;2;13;12;1;4;1;0;2;1;11;13;3;2;481;460;7;18;102;108;42;46;1;0;;;;;;
16;Palmeiras;Coritiba;1;3;54%;46%;16;12;5;9;6;2;5;1;23;14;6;2;1;2;6;4;13;20;3;2;419;377;18;20;137;94;58;29;;;;;;;;
11;Flamengo;Goiás;2;1;67%;33%;31;7;12;4;13;2;6;1;16;14;9;4;1;4;3;10;12;12;1;4;559;287;18;17;155;74;107;21;;;;;;;;
15;Ceará;Corinthians;2;1;39%;61%;15;10;4;3;10;4;1;3;11;10;6;6;2;1;2;2;9;10;4;1;301;474;10;13;117;92;32;31;1;1;;;;;;
15;Internacional;Athletico-PR;2;1;46%;54%;13;14;6;4;2;6;5;4;16;22;6;1;3;2;3;4;19;14;2;0;408;480;29;17;108;137;35;28;;;;;;;;
15;Atlético-GO;Red Bull Bragantino;2;1;53%;47%;24;19;8;5;13;8;3;6;20;17;7;11;0;2;4;6;17;18;1;1;369;334;12;15;106;79;76;46;;;;;;;;
15;Sport;Botafogo;1;2;62%;38%;17;11;3;4;10;5;4;2;15;12;6;8;0;0;2;2;11;15;3;3;526;316;15;10;142;84;46;44;0;1;;;;;;
15;Fluminense;Bahia;1;0;50%;50%;8;12;2;1;5;7;1;4;19;25;3;4;0;0;1;1;26;18;2;3;399;397;18;14;112;113;44;38;;;;;;;;
15;Santos;Grêmio;2;1;56%;44%;11;11;6;4;4;5;1;2;15;22;4;7;3;2;3;4;16;14;2;4;399;300;20;19;95;99;50;44;0;1;;;;;;
15;Atlético-MG;Goiás;3;0;66%;34%;23;4;11;3;8;0;4;1;10;18;8;1;4;1;3;8;14;11;0;1;599;309;16;26;148;80;82;22;;;;;;;;
15;Coritiba;Fortaleza;0;0;45%;55%;10;12;2;2;7;6;1;4;12;20;2;4;1;0;2;2;19;12;1;0;399;498;9;8;92;107;29;39;;;;;;;;
15;Palmeiras;São Paulo;0;2;47%;53%;9;13;3;4;4;6;2;3;16;16;8;4;2;0;2;3;15;17;2;1;425;484;18;18;94;109;50;29;;;;;;;;
15;Vasco;Flamengo;1;2;38%;62%;13;8;4;3;6;2;3;3;25;15;5;5;3;2;1;3;14;25;2;5;349;573;15;14;90;150;41;61;;;;;;;;
14;Red Bull Bragantino;Internacional;0;2;48%;52%;12;8;2;5;3;2;7;1;23;20;7;2;2;1;3;2;18;22;3;3;399;451;15;17;118;94;54;26;1;0;;;;;;
14;Athletico-PR;Ceará;0;0;61%;39%;14;13;1;4;7;6;6;3;14;10;3;3;2;2;4;1;11;12;3;2;562;350;10;10;137;85;56;34;;;;;;;;
14;Botafogo;Palmeiras;2;1;36%;64%;11;20;4;4;2;11;5;5;17;15;2;5;0;2;3;2;16;15;4;4;298;531;14;11;84;112;19;58;;;;;;;;
14;Fortaleza;Atlético-MG;2;1;31%;69%;7;15;3;4;1;10;3;1;22;11;1;8;1;2;3;1;9;19;4;3;263;577;8;9;72;142;30;88;1;0;;;;;;
14;Goiás;Fluminense;2;4;42%;58%;12;10;3;5;7;3;2;2;16;19;5;4;0;4;1;1;19;15;3;2;338;470;10;12;97;92;43;29;;;;;;;;
14;São Paulo;Atlético-GO;3;0;51%;49%;25;15;8;5;8;8;9;2;15;18;5;3;1;2;5;5;17;12;3;2;430;416;13;7;66;113;26;62;;;;;;;;
14;Bahia;Vasco;3;0;47%;53%;13;10;6;1;3;6;4;3;14;18;4;6;0;1;1;3;18;15;4;4;447;497;11;15;110;111;35;47;0;1;;;;;;
14;Flamengo;Sport;3;0;63%;37%;16;14;6;1;5;7;5;6;17;17;8;6;1;1;1;3;14;16;0;3;572;326;8;9;144;80;71;26;;;;;;;;
14;Grêmio;Coritiba;2;1;49%;51%;11;13;5;3;4;6;2;4;24;17;6;6;1;4;2;3;18;21;2;2;466;475;16;16;134;115;45;40;;;;;;;;
14;Corinthians;Santos;1;1;62%;38%;13;7;4;2;6;3;3;2;17;18;6;3;0;0;1;3;19;16;2;3;557;339;7;17;145;92;40;24;;;;;;;;
13;Atlético-MG;Vasco;4;1;60%;40%;20;5;7;2;10;2;3;1;10;26;6;3;4;2;1;3;24;10;3;4;482;319;19;14;67;55;48;20;0;1;;;;;5;0
13;Bahia;Sport;1;2;59%;41%;23;5;11;2;8;2;4;1;12;17;11;0;2;0;0;10;15;13;2;3;486;361;14;17;156;73;75;28;;;;;;;;
13;Fortaleza;Atlético-GO;0;0;59%;41%;15;7;4;2;8;4;3;1;12;9;8;1;1;0;2;4;8;14;5;5;516;347;8;13;117;93;48;35;;;;;;;;
13;Goiás;Santos;2;3;55%;45%;14;10;4;4;9;3;1;3;14;19;2;4;4;0;2;2;16;15;5;4;384;321;13;6;94;61;44;21;1;1;;;;;;
13;Coritiba;São Paulo;1;1;24%;76%;3;19;1;5;2;9;0;5;14;12;2;11;0;2;4;0;13;12;2;3;219;668;16;11;55;165;23;77;;;;;;;;
13;Flamengo;Athletico-PR;3;1;54%;46%;13;10;7;3;4;5;2;2;23;21;4;5;2;2;2;4;18;22;3;4;446;376;15;22;95;79;52;34;;;;;;;;
13;Botafogo;Fluminense;1;1;51%;49%;17;8;6;5;9;3;2;0;23;21;7;4;0;1;4;5;20;22;0;1;383;366;15;15;96;86;54;32;;;;;;;;
13;Red Bull Bragantino;Corinthians;0;0;40%;60%;10;12;2;4;5;4;3;4;13;17;3;8;1;1;4;2;18;13;1;2;368;556;15;20;95;102;49;56;;;;;;;;
13;Palmeiras;Ceará;2;1;64%;36%;27;13;11;7;10;3;6;3;19;11;9;4;1;0;6;9;10;19;1;4;542;311;18;5;117;86;48;35;;;;;;;;
13;Grêmio;Internacional;1;1;47%;53%;14;9;5;2;4;6;5;1;17;15;5;5;1;1;1;4;14;16;2;1;385;443;12;13;117;108;40;22;1;1;;;;;;
1;Botafogo;Bahia;1;2;61%;39%;15;12;2;4;8;7;5;1;15;19;8;5;0;1;2;1;18;14;2;3;505;319;14;19;143;93;42;31;1;0;;;;;;
1;Corinthians;Atlético-GO;0;0;53%;47%;12;17;4;6;8;7;0;4;14;22;4;7;4;2;6;4;18;12;2;0;457;397;11;13;87;98;36;55;;;;;;;;
12;Fluminense;Coritiba;4;0;43%;57%;15;10;7;1;4;5;4;4;21;16;5;4;0;3;1;3;16;19;1;1;409;532;10;10;92;131;27;39;0;1;;;;;;
12;Santos;Fortaleza;1;1;54%;46%;15;12;6;3;6;6;3;3;21;13;9;5;1;2;2;5;12;19;1;1;415;368;13;12;90;87;58;31;;;;;;;;
12;Atlético-GO;Botafogo;1;1;53%;47%;10;16;2;5;5;6;3;5;12;16;7;5;2;0;4;1;16;12;2;3;405;358;8;11;107;109;57;45;;;;;;;;
12;Ceará;Goiás;2;2;60%;40%;19;10;5;7;8;2;6;1;17;24;11;7;8;3;5;3;14;14;3;4;414;285;9;8;116;79;55;25;;;;;;;;
12;Palmeiras;Flamengo;1;1;60%;40%;17;10;7;4;7;4;3;2;11;15;5;4;1;0;3;6;13;16;4;2;489;322;12;13;;;;;;;;;;;;
12;Vasco;Red Bull Bragantino;1;1;58%;42%;11;12;1;3;4;6;6;3;16;12;2;5;4;1;2;0;9;16;2;1;513;362;18;24;117;88;61;32;;;;;;;;
12;Atlético-MG;Grêmio;3;1;54%;46%;20;9;6;4;7;5;7;0;11;18;9;4;0;0;3;3;20;11;1;1;478;408;14;11;107;90;40;41;;;;;;;;
12;Athletico-PR;Bahia;1;0;56%;44%;13;14;3;4;8;6;2;4;15;21;1;6;2;4;4;2;20;11;4;1;529;407;14;8;125;95;24;40;;;;;;;;
12;Internacional;São Paulo;1;1;42%;58%;4;19;1;6;0;7;3;6;14;22;1;4;3;0;5;0;16;16;2;0;401;536;14;9;102;105;28;48;1;0;;;;;;
12;Sport;Corinthians;1;0;47%;53%;9;16;2;2;3;8;4;6;17;12;3;8;1;2;2;1;11;15;3;4;448;485;19;10;97;124;35;56;;;;;;;;
11;Sport;Fluminense;1;0;26%;74%;8;19;3;5;2;9;3;5;9;14;5;8;3;3;5;2;10;9;0;1;249;696;21;16;64;157;21;77;;;;;;;;
11;Botafogo;Santos;0;0;44%;56%;7;21;1;6;6;10;0;5;15;15;8;10;0;1;6;1;15;13;4;2;320;415;7;16;83;115;40;52;;;;;;;;
11;Coritiba;Vasco;1;0;54%;46%;11;11;2;3;5;5;4;3;13;13;6;6;3;0;3;1;14;15;1;2;497;415;22;11;112;109;47;46;;;;;;;;
11;Grêmio;Palmeiras;1;1;64%;36%;13;9;2;2;5;4;6;3;23;22;6;3;0;2;1;1;21;21;2;3;587;337;14;18;142;69;57;27;;;;;;;;
11;Atlético-GO;Atlético-MG;3;4;44%;56%;15;14;9;8;3;4;3;2;18;16;6;4;1;4;4;6;16;14;2;0;360;468;13;9;95;98;48;46;;;;;;;;
11;Fortaleza;Internacional;1;0;42%;58%;12;11;3;1;7;7;2;3;21;11;3;7;2;2;1;2;9;20;1;3;305;421;9;15;79;133;38;37;;;;;;;;
11;Red Bull Bragantino;Ceará;4;2;43%;57%;18;13;9;6;8;4;1;3;13;26;5;9;2;1;4;5;24;11;4;3;303;402;26;15;70;112;38;59;;;;;;;;
11;Corinthians;Bahia;3;2;33%;67%;11;23;5;6;4;11;2;6;15;15;4;11;1;5;4;2;15;13;3;2;275;532;17;10;71;153;19;89;;;;;;;;
10;Botafogo;Vasco;2;3;50%;50%;25;14;9;6;12;5;4;3;11;18;5;4;0;2;3;7;18;8;2;2;428;443;12;15;108;120;54;33;;;;;;;;
10;Palmeiras;Sport;2;2;64%;36%;20;9;7;4;7;3;6;2;14;17;6;2;3;1;2;5;15;12;3;3;557;316;15;9;139;65;55;20;1;1;;;;;;
10;Atlético-MG;Red Bull Bragantino;2;1;64%;36%;14;12;7;4;5;6;2;2;16;18;8;3;5;0;3;5;13;18;1;1;553;308;11;20;138;87;52;30;;;;;;;;
10;Bahia;Atlético-GO;0;1;53%;47%;9;12;2;4;3;4;4;4;20;18;5;5;5;1;3;2;16;20;2;2;427;380;15;8;111;97;39;47;1;0;;;;;;
10;Ceará;Flamengo;2;0;37%;63%;8;11;3;2;3;7;2;2;5;11;5;8;2;2;2;1;8;6;1;0;335;565;30;30;104;139;35;84;;;;;;;;
10;Goiás;Internacional;1;0;21%;79%;6;15;1;4;3;5;2;6;17;14;0;12;1;5;4;0;10;14;4;3;168;571;7;10;47;136;8;126;1;0;;;;;;
10;Fluminense;Corinthians;2;1;48%;52%;15;9;3;3;7;5;5;1;16;14;5;8;0;2;2;1;14;15;2;4;353;376;21;15;106;78;41;36;1;0;;;;;;
10;Grêmio;Fortaleza;1;1;56%;44%;14;3;3;2;4;0;7;1;12;14;6;2;2;0;1;2;11;13;1;2;530;423;13;18;130;77;67;19;1;1;;;;;;
10;Santos;São Paulo;2;2;55%;45%;10;12;5;6;4;3;1;3;23;22;5;2;1;3;4;3;18;20;3;2;410;337;18;13;109;79;41;28;;;;;;;;
10;Athletico-PR;Coritiba;1;0;43%;57%;10;5;2;1;6;2;2;2;14;23;9;6;3;3;1;1;21;12;4;2;346;463;13;14;85;85;56;38;0;1;;;;;;
9;Vasco;Atlético-GO;1;2;54%;46%;9;13;5;7;2;4;2;2;24;14;1;4;0;1;5;4;15;23;2;1;470;379;14;17;101;105;37;49;1;0;;;;;;
9;Bahia;Grêmio;0;2;50%;50%;17;18;6;6;9;9;2;3;11;13;8;4;1;2;4;6;12;9;1;4;471;476;9;10;99;95;51;46;1;1;;;;;;
9;Corinthians;Palmeiras;0;2;55%;45%;10;21;4;8;4;8;2;5;18;13;5;6;1;2;6;4;13;16;4;2;517;430;13;15;95;90;32;40;2;0;;;;;;
9;Internacional;Ceará;2;0;62%;38%;17;6;9;1;7;5;1;0;18;16;10;3;1;1;1;7;15;16;0;2;511;311;15;12;119;102;57;47;;;;;;;;
9;Fluminense;Flamengo;1;2;47%;53%;18;13;3;6;7;6;8;1;19;15;7;6;1;2;4;2;15;16;1;1;441;510;16;18;111;104;46;46;;;;;;;;
9;Santos;Atlético-MG;3;1;42%;58%;8;16;4;4;3;6;1;6;14;12;4;5;4;1;3;1;11;15;1;3;302;413;10;18;78;122;39;40;0;1;;;;;;
9;São Paulo;Red Bull Bragantino;1;1;59%;41%;14;10;5;2;5;5;4;3;20;21;5;1;5;2;1;4;18;18;4;2;490;346;17;14;130;84;49;25;;;;;;;;
9;Fortaleza;Sport;1;0;53%;47%;12;4;4;1;7;2;1;1;13;25;6;1;0;2;1;3;27;14;5;1;410;368;5;15;93;90;52;27;;;;;;;;
9;Goiás;Coritiba;3;3;54%;46%;19;13;6;3;8;5;5;5;15;25;9;2;0;2;0;3;27;13;6;2;455;388;14;15;112;72;69;37;1;1;;;;;;
9;Athletico-PR;Botafogo;1;1;61%;39%;17;12;3;5;9;5;5;2;12;16;7;3;3;2;4;2;19;10;1;0;495;310;7;19;117;69;53;25;;;;;;;;
8;Coritiba;Atlético-MG;0;1;47%;53%;13;19;3;2;5;12;5;5;22;14;4;4;0;2;1;3;14;19;1;3;442;482;16;19;72;145;27;57;;;;;;;;
8;Sport;Goiás;2;1;52%;48%;17;10;6;4;6;5;5;1;17;18;9;4;1;0;3;4;18;17;1;0;482;455;16;18;127;92;69;25;;;;;;;;
8;Atlético-GO;Grêmio;1;1;49%;51%;8;6;2;2;6;4;0;0;14;16;3;3;0;1;1;1;16;13;1;4;462;474;13;16;111;110;43;58;0;1;;;;;;
8;Vasco;Athletico-PR;1;0;32%;68%;8;14;2;4;5;4;1;6;18;10;3;2;2;1;4;1;7;16;1;1;291;605;14;21;77;118;31;53;;;;;;;;
8;Internacional;Bahia;2;2;62%;38%;8;10;5;4;1;4;2;2;13;13;8;5;0;1;2;3;11;11;2;3;474;290;16;16;136;72;75;36;;;;;;;;
8;São Paulo;Fluminense;3;1;50%;50%;17;15;4;5;11;6;2;4;16;22;3;2;0;2;4;4;20;13;3;0;626;689;7;10;116;99;25;27;;;;;;;;
8;Red Bull Bragantino;Palmeiras;1;2;38%;62%;20;14;4;4;8;7;8;3;13;26;5;3;1;2;2;3;23;12;1;3;349;579;17;19;105;100;53;44;1;0;;;;;;
8;Ceará;Santos;0;1;63%;37%;13;9;6;4;6;3;1;2;16;21;7;5;1;2;3;6;18;18;4;4;412;236;10;12;126;64;44;22;2;2;;;;;;
8;Corinthians;Botafogo;2;2;61%;39%;14;13;6;3;4;8;4;2;11;19;12;6;1;2;1;4;18;10;3;1;541;339;11;13;117;82;55;40;;;;;;;;
8;Flamengo;Fortaleza;2;1;62%;38%;18;4;8;2;9;2;1;0;25;14;11;3;3;4;1;6;12;21;1;1;512;328;13;19;142;71;71;14;;;;;;;;
7;Atlético-MG;São Paulo;3;0;51%;49%;14;13;8;4;3;7;3;2;11;16;5;3;3;1;4;5;18;11;0;1;493;466;25;17;116;91;38;24;;;;;;;;
7;Grêmio;Sport;1;2;72%;28%;28;5;7;3;15;2;6;0;12;10;11;1;1;1;1;6;10;11;1;5;676;274;5;15;194;67;99;14;;;;;;;;
7;Palmeiras;Internacional;1;1;51%;49%;11;8;1;2;5;2;5;4;22;22;5;3;1;0;1;0;21;23;3;5;376;378;17;18;101;114;29;36;;;;;;;;
7;Santos;Vasco;2;2;62%;38%;11;9;5;3;3;3;3;3;21;21;9;2;2;1;1;3;17;21;1;3;409;263;15;13;98;71;35;27;;;;;;;;
7;Athletico-PR;Red Bull Bragantino;1;1;58%;42%;11;18;5;3;3;8;3;7;12;18;2;8;1;0;2;4;15;12;2;2;491;350;13;19;124;110;33;42;;;;;;;;
7;Bahia;Flamengo;3;5;42%;58%;13;20;7;9;4;7;2;4;20;10;5;6;2;2;4;4;8;17;1;2;456;642;19;17;99;134;30;64;;;;;;;;
7;Botafogo;Coritiba;0;0;55%;45%;17;7;6;3;9;2;2;2;22;24;6;6;1;0;3;6;23;21;1;1;520;425;14;11;146;84;51;33;;;;;;;;
7;Fluminense;Atlético-GO;1;1;43%;57%;11;15;4;3;4;9;3;3;17;14;2;9;0;1;2;3;14;16;4;1;367;465;15;19;83;123;25;70;1;0;;;;;;
7;Goiás;Corinthians;1;2;46%;54%;11;11;3;4;7;5;1;2;13;17;3;6;1;0;2;2;16;12;1;3;443;511;18;15;91;118;40;59;;;;;;;;
7;Ceará;Fortaleza;1;0;27%;73%;9;5;4;0;5;3;0;2;20;26;2;6;4;2;0;3;22;18;2;2;226;612;18;13;83;165;23;44;;;;;;;;
6;Atlético-GO;Ceará;0;2;54%;46%;14;13;4;5;8;2;2;6;15;18;4;4;1;2;3;4;16;11;1;2;360;305;14;21;78;109;39;33;1;0;;;;;;
6;Coritiba;Sport;1;0;58%;42%;13;7;3;2;6;4;4;1;20;13;5;2;0;1;2;2;14;19;1;4;557;385;20;20;129;102;35;44;;;;;;;;
6;Santos;Flamengo;0;1;52%;48%;22;10;5;6;11;4;6;0;25;17;9;2;5;1;5;5;14;26;6;7;420;399;14;15;107;82;44;41;;;;;;;;
6;São Paulo;Corinthians;2;1;53%;47%;14;7;5;5;7;2;2;0;22;19;7;4;2;1;4;3;16;22;3;0;434;387;9;20;129;76;38;14;;;;;;;;
6;Fortaleza;Red Bull Bragantino;3;0;59%;41%;13;6;6;2;6;3;1;1;11;20;3;4;0;1;2;3;22;10;2;2;567;387;12;16;116;111;34;30;0;1;;;;;;
6;Bahia;Palmeiras;1;1;49%;51%;9;11;1;5;1;3;7;3;20;17;8;2;1;4;4;0;15;16;2;2;420;454;10;19;103;109;39;38;;;;;;;;
6;Fluminense;Vasco;2;1;46%;54%;12;9;3;4;6;3;3;2;17;20;2;4;1;1;3;1;19;16;4;1;450;520;13;17;90;126;31;40;0;1;;;;;;
6;Botafogo;Internacional;0;2;49%;51%;7;7;2;4;4;2;1;1;26;16;5;3;2;2;2;2;14;24;3;1;472;512;9;12;104;106;29;28;;;;;;;;
5;Corinthians;Fortaleza;1;1;59%;41%;21;10;7;3;10;7;4;0;13;14;5;1;0;5;2;6;14;12;0;2;583;406;9;14;132;91;45;26;;;;;;;;
11;São Paulo;Athletico-PR;1;0;57%;43%;16;5;5;3;8;2;3;0;19;16;4;1;3;1;3;4;13;16;2;1;605;459;16;22;121;120;68;21;;;;;;;;
5;Ceará;Bahia;2;0;38%;62%;12;19;4;7;6;10;2;2;8;18;6;12;1;1;7;2;21;7;1;2;336;539;20;12;110;137;28;63;;;;;;;;
5;Sport;São Paulo;0;1;54%;46%;10;11;2;4;7;3;1;4;26;21;0;3;1;0;3;2;21;25;2;3;518;429;12;13;140;66;44;23;;;;;;;;
5;Palmeiras;Santos;2;1;49%;51%;17;9;5;2;6;4;6;3;16;23;5;6;4;0;1;3;21;14;5;4;362;372;5;8;104;84;29;37;0;1;;;;;;
5;Red Bull Bragantino;Coritiba;1;2;47%;53%;15;7;2;4;5;1;8;2;19;17;10;4;1;2;2;1;17;18;2;0;324;397;12;28;110;84;58;25;1;0;;;;;;
5;Vasco;Grêmio;0;0;47%;53%;10;14;3;4;6;5;1;5;18;24;6;4;1;0;4;3;23;17;5;2;413;473;19;25;93;149;22;53;;;;;;;;
5;Flamengo;Botafogo;1;1;67%;33%;15;7;5;1;5;4;5;2;14;13;5;4;0;2;0;4;15;17;3;3;639;311;9;14;167;74;69;35;;;;;;;;
5;Goiás;Atlético-GO;2;0;34%;66%;6;16;2;4;3;9;1;3;19;31;3;11;5;2;4;0;26;19;5;2;274;534;25;13;70;157;33;65;;;;;;;;
5;Internacional;Atlético-MG;1;0;33%;67%;6;11;3;1;1;5;2;5;22;23;2;5;3;1;1;2;20;21;1;2;306;621;18;11;84;180;21;47;;;;;;;;
5;Athletico-PR;Fluminense;0;1;65%;35%;14;9;5;2;6;3;3;4;14;22;7;2;1;2;1;5;21;12;4;3;607;327;14;16;164;77;60;31;;;;;;;;
4;Ceará;Vasco;0;3;58%;42%;14;6;2;5;1;0;11;1;16;18;13;2;1;2;2;2;18;14;3;3;480;361;18;18;145;84;70;15;;;;;;;;
4;São Paulo;Bahia;1;1;68%;32%;24;8;5;4;12;2;7;2;16;18;5;6;4;1;3;4;14;16;2;2;618;299;13;12;135;66;53;19;;;;;;;;
4;Sport;Santos;0;1;41%;59%;11;16;5;5;3;10;3;1;19;24;4;5;1;1;4;5;23;17;5;2;348;515;8;18;105;128;37;41;;;;;;;;
4;Botafogo;Atlético-MG;2;1;26%;74%;10;31;5;9;3;13;2;9;12;10;7;16;1;2;8;3;9;10;2;0;209;608;12;18;65;160;22;93;;;;;;;;
4;Corinthians;Coritiba;3;1;63%;37%;23;9;13;4;6;3;4;2;6;15;10;0;0;3;3;10;15;7;2;1;583;354;15;8;132;67;66;26;0;1;;;;;;
4;Goiás;Fortaleza;1;3;47%;53%;13;13;4;3;9;5;0;5;17;21;2;6;3;2;0;3;16;15;4;2;331;381;24;21;120;91;40;28;;;;;;;;
4;Internacional;Atlético-GO;3;0;57%;43%;11;7;5;1;3;5;3;1;21;19;4;3;1;2;1;2;19;17;3;3;442;334;8;14;115;74;60;24;1;0;;;;;;
4;Athletico-PR;Palmeiras;0;1;56%;44%;6;10;0;3;5;6;1;1;24;24;5;7;0;2;2;0;20;19;5;0;452;341;14;18;89;108;34;41;;;;;;;;
4;Flamengo;Grêmio;1;1;60%;40%;8;10;3;2;3;5;2;3;21;17;1;2;1;3;1;2;17;20;3;3;595;388;12;15;132;87;42;19;;;;;;;;
4;Red Bull Bragantino;Fluminense;2;1;52%;48%;13;9;3;4;6;3;4;2;13;21;6;4;2;0;3;1;19;14;5;5;438;402;19;15;125;107;49;45;;;;;;;;
3;Santos;Athletico-PR;3;1;33%;67%;11;12;6;2;5;6;0;4;22;9;2;6;0;0;1;3;9;22;1;1;292;587;17;12;76;132;28;63;;;;;;;;
3;Fortaleza;Botafogo;0;0;58%;42%;12;15;1;6;8;6;3;3;9;13;4;7;2;1;6;1;9;8;2;1;561;394;10;10;121;97;44;42;;;;;;;;
3;Atlético-GO;Sport;1;1;32%;68%;10;15;4;4;5;8;1;3;16;14;4;9;0;2;3;3;13;15;2;2;234;504;10;7;78;118;27;65;1;0;;;;;;
3;Fluminense;Internacional;2;1;43%;57%;10;9;5;3;2;4;3;2;24;14;1;4;1;1;2;3;13;24;2;2;339;434;18;27;96;116;33;37;;;;;;;;
3;Bahia;Red Bull Bragantino;2;1;42%;58%;10;16;4;3;4;7;2;6;16;18;3;7;2;1;2;2;16;16;1;1;376;502;15;15;97;156;30;81;;;;;;;;
3;Vasco;São Paulo;2;1;41%;59%;8;11;3;5;5;4;0;2;16;16;3;4;1;1;4;1;16;15;2;5;380;553;18;13;85;130;31;53;;;;;;;;
3;Atlético-MG;Ceará;2;0;61%;39%;11;13;6;1;3;7;2;5;15;17;4;0;2;1;1;4;14;15;2;4;474;302;13;17;113;85;49;40;;;;;;;;
3;Palmeiras;Goiás;1;1;67%;33%;12;10;3;5;6;4;3;1;17;11;6;2;0;0;4;2;11;17;1;3;670;342;23;17;158;106;111;67;;;;;;;;
3;Coritiba;Flamengo;0;1;33%;67%;8;18;3;7;3;5;2;6;11;15;5;5;2;1;6;3;25;16;6;3;252;519;12;15;54;115;26;48;1;0;;;;;;
3;Grêmio;Corinthians;0;0;47%;53%;23;5;8;2;8;2;7;1;13;16;7;5;0;0;2;8;16;14;2;3;486;568;13;27;143;116;97;27;0;1;;;;;18;10
2;Vasco;Sport;2;0;46%;54%;9;13;6;1;2;8;1;4;21;31;5;8;1;4;1;4;29;17;2;3;371;416;14;13;88;141;23;48;0;1;;;;;;
2;Internacional;Santos;2;0;58%;42%;25;6;7;1;13;3;5;2;16;30;9;4;2;2;1;5;28;14;2;3;515;379;19;11;154;70;70;34;;;;;;;;
2;São Paulo;Fortaleza;1;0;52%;48%;13;12;3;3;7;6;3;3;20;18;5;7;4;3;3;2;16;18;1;2;474;443;10;7;91;122;35;29;;;;;;;;
2;Ceará;Grêmio;1;1;42%;58%;10;12;5;8;5;4;1;2;11;16;1;7;1;0;7;4;17;7;3;1;421;571;20;15;90;110;49;70;;;;;;;23;23
2;Fluminense;Palmeiras;1;1;52%;48%;7;6;1;1;6;5;3;3;31;23;3;3;3;0;0;0;20;31;3;3;430;400;9;20;108;93;59;52;;;;;;;15;15
2;Atlético-GO;Flamengo;3;0;35%;65%;12;7;7;3;5;4;1;2;19;17;11;5;2;1;3;4;15;19;1;1;284;555;12;16;64;126;64;88;0;1;;;;;17;24
2;Bahia;Coritiba;1;0;46%;54%;12;12;5;3;7;9;0;3;20;17;3;8;1;5;3;4;16;18;0;5;420;486;21;15;81;72;39;54;;;;;;;14;11
2;Athletico-PR;Goiás;2;1;78%;22%;19;13;4;3;9;6;6;4;19;16;3;3;1;1;2;2;16;18;3;3;728;196;10;21;;;;;;;;;;;;
2;Atlético-MG;Corinthians;3;2;55%;45%;22;8;13;5;9;3;3;0;13;23;8;4;3;1;3;10;19;11;0;1;515;426;17;11;133;38;41;24;;;;;;;23;12
2;Red Bull Bragantino;Botafogo;1;1;54%;46%;23;9;8;3;12;6;3;0;9;12;12;3;1;2;2;7;13;8;3;1;558;472;15;9;142;98;120;50;;;;;;;13;12
1;Grêmio;Fluminense;1;0;52%;48%;15;10;4;4;6;3;5;3;17;27;6;3;2;1;4;3;24;16;2;3;496;447;14;16;132;101;59;38;;;;;;;;
1;Flamengo;Atlético-MG;0;1;62%;38%;17;10;2;4;10;2;5;4;;;9;2;2;3;3;2;12;24;3;2;525;321;16;16;126;96;42;23;;;;;;;;
1;Santos;Red Bull Bragantino;1;1;54%;46%;10;18;4;6;5;8;1;4;20;12;4;2;4;2;5;3;10;19;0;1;444;377;17;15;83;146;35;53;;;;;;;;
1;Sport;Ceará;3;2;40%;60%;8;9;4;5;4;4;2;2;18;18;2;4;3;0;3;1;15;18;3;3;324;487;17;16;;;;;;;;;;;18;18
1;Coritiba;Internacional;0;1;43%;57%;3;8;1;4;2;4;0;3;23;15;2;6;3;2;3;1;11;21;3;4;382;504;16;14;64;94;21;51;;;;;;;19;24
1;Fortaleza;Athletico-PR;0;2;44%;56%;8;9;3;5;5;4;3;4;8;15;4;4;1;1;3;3;14;10;3;2;414;549;16;8;91;92;38;18;1;0;;;;;;
