rodada;mandante;visitante;gols_man;gols_vis;Posse de bola_man;Posse de bola_vis;Tentativas de gol_man;Tentativas de gol_vis;Finalizações_man;Finalizações_vis;Chutes fora_man;Chutes fora_vis;Chutes bloqueados_man;Chutes bloqueados_vis;Faltas cobradas_man;Faltas cobradas_vis;Escanteios_man;Escanteios_vis;Impedimentos_man;Impedimentos_vis;Laterais cobrados_man;Laterais cobrados_vis;Defesas do goleiro_man;Defesas do goleiro_vis;Faltas_man;Faltas_vis;Cartões amarelos_man;Cartões amarelos_vis;Total de passes_man;Total de passes_vis;Passes completados_man;Passes completados_vis;Desarmes_man;Desarmes_vis;Ataques_man;Ataques_vis;Ataques Perigosos_man;Ataques Perigosos_vis;Cartões vermelhos_man;Cartões vermelhos_vis;Acerto de passes_man;Acerto de passes_vis
Final;Moreirense;Chaves;1;0;65%;35%;9;9;3;2;3;4;3;3;16;18;6;8;2;0;43;37;2;2;15;15;4;2;0;0;0;0;0;0;114;78;79;54;;;;
Final;Chaves;Moreirense;2;0;48%;52%;10;13;2;1;6;7;2;5;16;12;6;5;0;0;28;33;1;0;10;13;1;2;274;282;189;194;13;17;89;106;27;39;;;;
34;Vitória SC;Gil Vicente;5;0;50%;50%;15;8;8;4;6;3;1;1;15;16;1;3;2;0;14;15;4;3;13;16;1;0;463;511;406;434;18;11;81;106;34;43;;;;
34;Famalicao;Braga;3;2;51%;49%;21;11;11;6;9;3;1;2;12;11;6;4;2;0;20;29;4;8;8;11;3;3;422;457;347;371;26;20;112;100;40;49;1;1;;
34;Sporting;Santa Clara;4;0;63%;37%;23;10;9;1;6;4;8;5;18;12;10;5;1;5;20;23;1;5;11;12;1;2;578;279;497;189;17;25;90;43;39;15;;;;
34;FC Porto;Estoril;2;0;62%;38%;21;7;5;1;11;3;5;3;14;12;12;6;0;4;20;10;1;3;13;11;;;540;299;480;245;15;20;126;45;75;22;;;;
34;Maritimo;Portimonense;0;1;49%;51%;11;15;6;4;4;8;1;3;24;15;4;2;1;2;15;17;3;6;16;21;3;2;395;444;319;355;12;10;99;91;31;31;;;;
34;Arouca;BSAD;0;0;54%;46%;22;10;7;3;7;6;8;1;15;14;8;4;2;4;16;25;3;7;13;12;2;2;456;337;379;255;10;12;94;82;49;53;;;;
34;Moreirense;Vizela;4;1;62%;38%;12;6;6;2;3;2;3;2;10;14;4;7;1;4;20;36;1;2;16;10;3;3;358;269;295;201;11;11;68;80;33;21;0;1;;
34;Tondela;Boavista;2;2;48%;52%;11;14;8;5;3;4;0;5;17;12;4;5;1;2;25;17;3;6;13;16;1;3;379;504;278;418;19;17;95;104;41;26;;;;
34;Ferreira;Benfica;0;2;52%;48%;12;14;4;8;4;4;4;2;21;15;6;4;5;0;22;13;6;4;11;23;1;1;463;408;384;342;14;13;101;82;54;42;;;83;84
33;BSAD;Famalicao;2;3;47%;53%;14;14;5;4;6;5;3;5;25;20;7;5;2;4;18;19;1;3;17;21;3;1;345;395;266;315;11;11;99;80;26;39;;;;
33;Santa Clara;Ferreira;2;0;59%;41%;20;3;7;0;7;3;6;0;16;27;10;0;3;1;18;18;0;5;24;17;3;3;382;329;320;253;13;10;106;58;55;11;0;1;;
33;Braga;Arouca;1;0;61%;39%;12;15;2;4;7;9;3;2;7;15;4;8;2;2;21;20;4;1;13;8;0;1;613;336;523;241;12;11;138;85;54;36;;;;
33;Gil Vicente;Tondela;3;0;58%;42%;8;5;4;3;4;1;0;1;10;22;8;0;1;4;27;17;3;1;21;8;1;2;546;285;490;239;13;11;129;62;49;22;0;1;;
33;Vizela;Maritimo;1;1;43%;57%;11;10;3;3;5;3;3;4;8;16;2;8;1;1;19;18;2;2;16;8;4;2;326;458;265;392;16;10;79;86;28;36;;;;
33;Portimonense;Sporting;2;3;32%;68%;5;28;3;8;1;14;1;6;12;8;1;8;0;1;11;27;5;1;7;13;2;2;243;573;163;509;15;14;38;144;23;66;;;67;89
33;Benfica;FC Porto;0;1;58%;42%;9;10;2;5;4;2;3;3;18;25;5;3;4;1;22;18;4;2;23;15;10;4;527;313;420;215;12;10;101;99;43;31;;;80;69
33;Estoril;Moreirense;1;0;46%;54%;6;18;2;5;3;7;1;6;12;15;2;8;2;2;16;23;5;1;17;10;6;3;283;332;215;265;13;14;60;110;29;61;1;0;76;80
33;Boavista;Vitória SC;1;1;43%;57%;16;13;6;5;8;5;2;3;17;12;5;7;3;1;24;20;4;5;9;16;2;4;377;463;282;380;15;13;89;111;33;39;0;1;;
32;Ferreira;Tondela;1;1;69%;31%;19;8;5;3;11;5;3;0;10;14;7;0;1;3;21;20;2;4;14;12;1;6;564;290;493;218;12;18;158;66;68;16;0;1;;
32;Sporting;Gil Vicente;4;1;66%;34%;22;3;13;1;5;1;4;1;16;19;13;2;1;4;15;11;0;9;18;15;4;2;503;418;452;345;11;16;112;80;54;27;;;;
32;Moreirense;Boavista;1;2;57%;43%;14;8;2;2;5;3;7;3;17;10;5;3;1;0;34;25;0;1;8;17;4;5;474;370;364;268;16;22;143;78;68;32;1;3;;
32;Vitória SC;Santa Clara;1;1;42%;58%;7;3;1;1;4;2;2;0;15;19;4;3;0;5;18;21;0;0;21;11;3;5;389;449;291;359;17;18;88;98;41;41;;;;
32;BSAD;Braga;0;1;42%;58%;9;25;1;9;6;11;2;5;16;9;2;6;2;2;22;28;8;1;7;16;3;3;295;500;194;405;11;10;94;124;26;41;2;0;66;81
32;FC Porto;Vizela;4;2;65%;35%;17;3;8;2;5;1;4;0;7;12;8;2;0;1;26;20;0;4;12;7;1;1;557;265;473;190;16;15;129;72;69;21;;;85;72
32;Maritimo;Benfica;0;1;53%;47%;14;15;5;4;6;7;3;4;25;11;5;6;3;3;16;15;3;5;8;24;2;4;421;456;362;409;13;25;80;126;37;50;1;0;;
32;Arouca;Portimonense;1;0;51%;49%;15;7;6;4;7;2;2;1;14;12;5;7;1;2;16;23;4;5;12;15;1;2;370;336;288;264;12;18;90;80;51;38;;;78;79
32;Famalicao;Estoril;3;1;56%;44%;25;9;7;3;7;5;11;1;7;18;7;3;1;0;21;16;2;4;18;9;3;1;478;331;415;253;16;12;122;84;85;42;0;1;;
31;Boavista;Sporting;0;3;40%;60%;10;10;1;5;5;3;4;2;12;8;2;3;2;5;23;17;2;1;7;9;2;2;393;644;316;580;21;24;95;123;23;49;;;;
31;Braga;FC Porto;1;0;37%;63%;9;19;5;3;4;15;0;1;7;15;2;10;2;0;27;34;3;4;13;7;2;2;348;608;249;504;16;16;83;152;35;72;;;;
31;Tondela;Vitória SC;1;1;41%;59%;10;10;4;3;5;4;1;3;19;15;4;3;1;1;13;23;2;4;15;18;2;4;373;522;294;443;21;9;74;121;18;59;;;;
31;Estoril;BSAD;2;2;48%;52%;6;23;2;4;3;11;1;8;11;20;2;8;4;2;19;20;2;0;18;10;7;3;319;386;239;314;10;14;72;113;26;54;3;2;;
31;Gil Vicente;Ferreira;1;1;49%;51%;17;10;4;2;9;6;4;2;16;19;6;2;5;0;23;20;1;3;15;19;2;5;367;389;293;317;12;18;120;73;50;34;;;;
31;Benfica;Famalicao;0;0;70%;30%;25;4;5;0;12;2;8;2;11;18;8;5;0;1;37;14;0;5;18;10;3;4;727;309;636;223;17;29;194;78;109;27;;;;
31;Santa Clara;Maritimo;2;2;41%;59%;10;10;3;3;6;3;1;4;16;23;3;10;1;2;26;24;1;1;23;14;2;3;315;444;226;355;16;13;85;103;27;46;;;;
31;Portimonense;Moreirense;1;0;52%;48%;19;15;7;7;10;4;2;4;19;17;6;6;4;0;33;29;7;6;14;19;2;5;356;330;238;221;18;17;84;114;43;40;;;67;67
31;Vizela;Arouca;2;1;44%;56%;16;14;6;5;6;6;4;3;8;16;6;2;2;0;20;27;4;4;19;9;4;1;362;444;260;341;17;6;94;99;59;52;;;;
30;Estoril;Braga;0;0;40%;60%;15;13;6;2;7;8;2;3;10;5;7;5;0;1;14;24;2;6;5;9;1;0;368;651;279;559;10;11;93;126;38;47;;;;
30;Sporting;Benfica;0;2;62%;38%;16;10;4;4;9;6;3;0;15;8;7;5;0;4;20;17;2;4;9;13;2;4;538;342;478;273;18;11;134;58;74;31;;;;
30;FC Porto;Portimonense;7;0;69%;31%;26;3;12;2;8;0;6;1;8;11;9;1;1;2;24;24;2;5;10;7;0;2;625;239;556;172;17;15;148;45;86;9;;;89;72
30;BSAD;Vizela;1;0;39%;61%;6;15;3;3;1;7;2;5;14;17;2;7;2;2;27;35;3;2;15;14;2;2;298;466;202;358;12;12;82;122;31;61;;;;
30;Maritimo;Boavista;4;0;55%;45%;8;4;5;0;2;3;1;1;23;17;1;1;2;2;15;25;0;1;17;21;4;5;439;432;364;358;21;10;87;133;23;18;0;1;83;83
30;Moreirense;Tondela;2;0;42%;58%;12;3;3;1;7;0;2;2;17;19;4;1;1;2;38;23;1;1;18;15;6;5;308;496;227;400;11;13;104;101;53;22;;;;
30;Vitória SC;Ferreira;4;0;41%;59%;18;7;8;0;6;7;4;0;10;18;2;4;5;1;17;22;0;4;14;15;0;5;302;524;256;461;10;10;74;88;32;34;0;1;;
30;Famalicao;Gil Vicente;2;2;44%;56%;10;16;3;5;5;7;2;4;17;15;3;7;2;2;19;32;3;1;16;14;6;4;303;506;224;409;17;5;93;120;29;38;;;;
30;Arouca;Santa Clara;1;1;45%;55%;17;9;7;2;5;3;5;4;14;18;7;7;2;2;25;19;1;6;17;14;3;4;357;416;270;328;8;9;95;86;43;34;;;;
29;Vizela;Braga;0;1;49%;51%;14;10;2;3;7;5;5;2;;;2;8;2;2;;;2;2;12;11;3;4;435;479;326;365;15;10;115;115;49;48;0;1;;
29;Vitória SC;FC Porto;0;1;47%;53%;4;13;1;4;3;8;0;1;;;3;1;2;1;;;3;1;15;20;6;2;341;433;247;337;10;11;100;108;31;32;1;0;;
29;Portimonense;Famalicao;1;0;57%;43%;15;7;6;2;5;4;4;1;;;7;2;2;0;;;2;5;15;15;7;4;397;358;296;255;14;21;102;91;50;49;1;0;;
29;Santa Clara;Estoril;2;0;42%;58%;7;14;4;4;3;6;0;4;;;5;1;0;3;;;4;2;19;17;2;1;360;472;276;389;13;15;90;110;21;40;;;;
29;Tondela;Sporting;1;3;29%;71%;3;17;2;9;1;7;0;1;;;1;9;0;0;;;6;1;14;13;3;2;282;712;203;649;15;11;56;151;14;57;;;;
29;Benfica;BSAD;3;1;59%;41%;27;8;8;2;12;4;7;2;;;11;6;0;0;;;1;5;18;18;1;7;564;339;495;274;19;12;124;78;62;34;;;;
29;Boavista;Arouca;1;0;47%;53%;14;16;5;1;7;10;2;5;;;3;3;4;0;;;1;4;17;12;4;4;419;421;310;319;12;20;91;137;37;53;;;;
29;Ferreira;Maritimo;2;0;50%;50%;14;15;6;4;7;7;1;4;;;5;2;0;5;;;4;4;17;20;0;1;455;454;367;386;21;16;73;133;27;51;;;;
29;Gil Vicente;Moreirense;1;2;64%;36%;23;14;5;7;12;5;6;2;;;11;3;4;4;;;5;4;12;14;1;4;543;220;453;148;11;15;123;69;70;45;0;1;;
28;FC Porto;Santa Clara;3;0;65%;35%;16;5;6;1;5;2;5;2;;;7;3;3;1;;;1;3;12;11;;;583;255;521;183;13;18;124;51;43;27;;;;
28;Sporting;Ferreira;2;0;54%;46%;17;3;6;0;7;0;4;3;;;5;2;4;2;;;0;4;19;14;2;4;516;479;440;384;11;21;124;86;41;24;;;;
28;Moreirense;Vitória SC;0;1;48%;52%;11;16;3;4;5;8;3;4;;;5;3;1;1;;;3;3;20;10;2;5;340;374;227;265;19;12;109;104;43;35;;;;
28;Maritimo;Tondela;1;3;61%;39%;9;14;3;6;2;4;4;4;;;9;4;0;1;;;3;2;9;15;3;2;483;356;423;284;17;36;133;66;65;25;;;;
28;Famalicao;Boavista;1;2;58%;42%;13;9;6;3;5;3;2;3;;;11;1;2;1;;;1;5;7;13;3;4;490;316;411;221;16;22;125;93;74;30;0;1;;
28;Arouca;Gil Vicente;2;1;34%;66%;6;13;2;5;4;6;0;2;;;2;12;4;4;;;4;0;14;12;2;4;240;549;169;451;15;15;72;132;17;60;1;1;;
28;Estoril;Vizela;1;2;68%;32%;11;7;3;4;6;3;2;0;;;7;2;2;1;;;2;2;12;14;2;2;559;278;488;192;8;14;135;67;78;34;;;;
28;BSAD;Portimonense;2;0;44%;56%;10;19;6;4;3;9;1;6;;;1;8;0;3;;;4;4;25;15;5;3;328;412;248;333;14;7;75;131;18;70;0;1;;
28;Braga;Benfica;3;2;38%;62%;12;11;5;4;5;5;2;2;;;2;9;1;3;;;2;2;15;7;2;1;359;606;280;521;20;18;86;115;47;55;;;;
27;Boavista;FC Porto;0;1;49%;51%;9;10;1;4;5;4;3;2;;;3;5;3;1;;;3;1;18;16;2;2;383;469;286;369;21;15;88;136;30;53;;;;
27;Portimonense;Braga;1;2;55%;45%;13;17;7;6;2;8;4;3;;;7;9;2;0;;;4;6;10;16;1;1;500;401;415;300;6;12;110;116;40;50;;;;
27;Benfica;Estoril;2;1;49%;51%;18;16;6;3;9;7;3;6;;;7;4;0;4;;;2;4;13;12;1;2;474;440;423;384;10;14;96;83;41;28;;;;
27;Ferreira;Moreirense;2;1;55%;45%;10;16;6;5;2;9;2;2;;;7;3;3;1;;;4;4;18;21;2;4;380;389;308;305;20;13;96;95;37;38;;;;
27;Gil Vicente;Maritimo;1;1;49%;51%;15;12;8;3;3;5;4;4;;;8;6;2;6;;;2;7;16;10;3;3;467;373;380;300;16;9;110;83;64;42;;;;
27;Vitória SC;Sporting;1;3;47%;53%;12;15;4;6;3;4;5;5;;;2;3;3;1;;;3;3;15;7;4;2;334;511;258;434;12;24;93;101;61;41;;;;
27;Santa Clara;BSAD;0;0;57%;43%;10;7;3;1;6;3;1;3;;;7;8;3;1;;;1;3;16;20;3;5;477;333;376;239;17;11;116;99;49;51;;;;
27;Tondela;Arouca;2;2;49%;51%;6;13;4;5;2;4;0;4;;;4;3;2;2;;;3;2;13;16;1;3;433;373;337;290;10;16;96;100;32;36;;;;
27;Vizela;Famalicao;1;1;58%;42%;22;11;7;4;7;4;8;3;;;7;4;0;1;;;3;6;11;14;0;4;484;423;382;322;21;16;120;107;70;35;0;1;;
26;Moreirense;Sporting;0;2;35%;65%;12;14;3;4;6;5;3;5;;;3;7;1;3;;;2;3;20;16;4;4;293;592;208;508;10;21;106;119;26;32;;;;
26;Braga;Gil Vicente;0;1;51%;49%;12;12;4;2;4;5;4;5;;;7;2;6;1;;;1;4;16;9;3;3;520;504;430;398;11;7;128;97;68;23;;;;
26;FC Porto;Tondela;4;0;65%;35%;17;9;9;2;7;5;1;2;;;5;4;2;1;;;2;5;21;16;1;3;587;273;511;195;15;18;132;84;54;27;0;1;;
26;Maritimo;Vitória SC;0;1;59%;41%;7;22;4;6;2;11;1;5;;;3;3;1;2;;;5;4;14;23;2;3;491;386;405;306;19;21;107;127;31;46;;;;
26;BSAD;Boavista;0;0;53%;47%;9;15;2;1;5;10;2;4;;;3;4;2;2;;;1;2;17;20;4;3;374;348;272;255;8;11;97;106;30;40;;;;
26;Arouca;Ferreira;0;1;59%;41%;14;11;4;4;6;3;4;4;;;6;9;1;4;;;3;4;16;14;4;5;504;337;417;252;12;8;125;77;58;21;;;;
26;Estoril;Portimonense;2;0;45%;55%;14;17;6;4;4;8;4;5;;;6;10;1;3;;;4;4;14;11;3;3;363;458;294;370;7;18;104;113;37;49;;;;
26;Famalicao;Santa Clara;0;0;51%;49%;7;10;3;4;4;6;0;0;;;6;5;3;3;;;4;3;13;19;1;4;432;355;349;269;12;18;111;92;48;34;;;;
26;Benfica;Vizela;1;1;56%;44%;22;20;9;4;10;4;3;12;;;9;8;2;3;;;3;8;8;18;2;6;496;454;431;391;17;14;117;91;61;56;1;0;;
25;Tondela;BSAD;1;1;51%;49%;7;9;2;3;4;3;1;3;;;4;5;1;3;;;2;1;18;16;4;3;460;377;;;18;18;124;94;44;55;;;;
25;Santa Clara;Vizela;3;1;59%;41%;14;6;4;2;7;3;3;1;;;6;1;1;2;;;1;2;16;15;0;2;508;366;;;10;9;131;75;43;30;;;;
25;Vitória SC;Famalicao;2;1;51%;49%;14;9;5;4;4;4;5;1;;;7;2;2;3;;;3;3;18;15;5;2;397;383;;;19;21;131;67;70;12;;;;
25;Ferreira;FC Porto;2;4;39%;61%;6;12;4;9;2;3;0;0;;;1;7;2;1;;;5;2;4;19;0;2;405;566;;;16;18;72;111;26;58;;;;
25;Moreirense;Maritimo;0;1;54%;46%;18;12;5;2;5;8;8;2;;;8;4;0;0;;;1;5;14;15;2;4;467;376;;;16;20;135;90;56;37;;;;
25;Sporting;Arouca;2;0;62%;38%;15;5;6;2;7;2;2;1;;;5;1;9;3;;;2;4;13;14;2;4;607;357;;;21;12;136;96;51;29;;;;
25;Portimonense;Benfica;1;2;46%;54%;6;16;1;4;4;5;1;7;;;2;8;0;0;;;2;0;18;15;5;3;367;510;;;19;17;76;141;34;70;1;0;;
25;Boavista;Braga;1;1;51%;49%;10;8;5;5;4;1;1;2;;;4;1;3;4;;;4;4;14;17;5;3;431;419;;;23;15;98;108;35;43;;;;
25;Gil Vicente;Estoril;0;0;61%;39%;14;10;3;1;6;7;5;2;;;6;2;1;1;;;1;3;12;21;2;1;628;334;;;15;16;143;63;80;25;;;;
24;Braga;Santa Clara;0;0;56%;44%;16;9;4;1;9;3;3;5;;;2;8;3;3;;;1;4;14;12;3;5;536;362;;;15;15;123;108;74;39;0;2;;
24;FC Porto;Gil Vicente;1;1;59%;41%;30;5;8;1;12;2;10;2;;;10;1;2;1;;;0;7;12;4;2;1;562;318;;;16;12;133;58;75;13;0;1;;
24;Benfica;Vitória SC;3;0;56%;44%;9;17;6;7;1;6;2;4;;;5;9;5;0;;;7;3;11;15;1;2;504;389;;;18;20;119;98;48;38;;;;
24;Estoril;Boavista;2;3;42%;58%;11;14;2;4;5;6;4;4;;;5;1;3;1;;;1;0;19;10;2;4;368;446;;;8;10;83;86;39;23;;;;
24;Vizela;Portimonense;1;1;51%;49%;18;10;2;1;7;6;9;3;;;11;2;3;0;;;0;1;15;21;1;2;372;307;;;14;4;90;91;64;31;;;;
24;Arouca;Moreirense;1;1;75%;25%;17;5;4;3;8;1;5;1;;;7;2;0;2;;;2;3;12;16;3;3;603;178;;;11;8;155;59;66;15;0;1;;
24;Maritimo;Sporting;1;1;31%;69%;6;17;2;4;3;8;1;5;;;4;7;2;2;;;3;1;16;15;3;2;281;602;;;14;12;63;156;17;68;;;;
24;Famalicao;Tondela;2;1;52%;48%;12;10;3;3;5;4;4;3;;;7;3;4;0;;;2;1;17;18;5;3;378;389;;;17;15;115;89;53;32;;;;
24;BSAD;Ferreira;0;2;48%;52%;12;15;1;7;8;6;3;2;;;10;6;2;1;;;5;1;16;18;2;4;373;428;;;8;11;61;71;40;22;;;;
23;Santa Clara;Portimonense;1;1;57%;43%;13;13;4;7;8;5;1;1;;;3;2;3;1;;;6;3;11;8;1;1;419;429;;;24;17;102;123;36;48;;;;
23;Tondela;Braga;0;1;47%;53%;7;8;2;2;2;4;3;2;;;3;4;2;2;;;1;2;11;13;2;1;456;558;;;24;13;111;140;37;45;;;;
23;Moreirense;FC Porto;0;1;28%;72%;9;16;1;5;4;8;4;3;;;2;9;2;0;;;4;1;16;14;7;4;263;480;;;9;12;87;104;25;68;1;1;;
23;Sporting;Estoril;3;0;69%;31%;22;5;7;0;10;4;5;1;;;7;1;1;3;;;0;4;16;15;3;3;592;291;;;16;13;126;62;78;23;0;1;;
23;Maritimo;Famalicao;0;1;57%;43%;5;17;2;8;0;6;3;3;;;5;6;0;3;;;7;2;12;19;3;3;410;440;;;16;14;85;130;30;56;1;0;;
23;Vitória SC;Arouca;1;3;52%;48%;11;14;5;7;3;5;3;2;;;4;9;2;0;;;4;4;19;15;3;4;371;424;;;13;22;119;73;50;30;;;;
23;Ferreira;Vizela;2;1;68%;32%;20;10;4;2;8;6;8;2;;;10;5;1;0;;;1;2;15;16;7;4;515;211;;;13;10;113;61;50;33;0;2;;
23;Gil Vicente;BSAD;2;0;53%;47%;13;8;5;1;4;3;4;4;;;6;3;5;3;;;1;3;11;15;2;4;525;313;;;18;11;120;86;47;21;;;;
23;Boavista;Benfica;2;2;49%;51%;14;8;4;3;7;4;3;1;;;9;4;0;4;;;1;2;15;14;5;3;345;454;;;20;23;83;101;39;33;;;;
22;Arouca;Maritimo;0;3;66%;34%;20;9;4;6;7;3;9;0;;;9;2;2;1;;;3;4;18;16;2;4;438;250;;;7;16;135;60;69;19;0;1;;
22;Vizela;Gil Vicente;0;1;52%;48%;19;6;3;3;8;3;8;0;;;12;2;3;0;;;2;3;13;14;3;4;368;470;;;11;12;103;106;71;40;;;;
22;BSAD;Vitória SC;1;0;43%;57%;13;19;4;2;5;11;4;6;;;5;3;3;1;;;2;3;11;23;5;4;344;459;;;14;12;82;126;29;44;;;;
22;Famalicao;Moreirense;5;0;58%;42%;13;6;9;4;3;2;1;0;;;4;5;0;1;;;4;4;15;11;4;5;481;337;;;13;16;102;105;29;43;;;;
22;Estoril;Tondela;1;0;46%;54%;14;8;8;3;6;3;0;2;;;1;2;1;1;;;3;7;21;14;2;3;399;501;;;12;17;121;108;39;34;;;;
22;Benfica;Santa Clara;2;1;65%;35%;16;7;4;4;9;2;3;1;;;7;2;2;1;;;3;2;12;17;3;5;600;278;;;16;24;158;59;88;27;;;;
22;Portimonense;Boavista;1;1;56%;44%;21;17;4;3;11;8;6;6;;;6;6;5;2;;;2;3;12;10;4;3;393;367;;;10;16;103;103;44;38;0;1;;
22;Braga;Ferreira;2;1;56%;44%;17;9;5;3;8;2;4;4;;;3;8;2;3;;;2;3;22;17;4;2;476;348;;;17;17;110;87;45;28;1;0;;
22;FC Porto;Sporting;2;2;67%;33%;21;7;7;3;7;4;7;0;;;9;0;5;2;;;1;5;18;13;4;7;456;286;;;14;16;142;63;86;16;2;3;;
21;Moreirense;BSAD;4;1;55%;45%;18;3;10;1;6;2;2;0;;;2;0;0;3;;;0;6;14;17;2;1;507;310;;;8;8;111;79;79;35;0;1;;
21;Tondela;Benfica;1;3;45%;55%;11;19;2;8;8;7;1;4;;;4;9;4;0;;;5;2;15;17;2;1;309;512;;;15;17;95;148;41;63;1;0;;
21;Sporting;Famalicao;2;0;52%;48%;8;8;4;5;2;3;2;0;;;4;4;3;1;;;5;2;16;20;2;2;432;411;;;22;19;94;125;32;45;;;;
21;Arouca;FC Porto;0;2;45%;55%;6;15;1;4;4;9;1;2;;;3;3;2;2;;;2;1;14;18;5;4;353;445;;;19;16;90;117;39;49;;;;
21;Boavista;Vizela;2;2;49%;51%;12;20;4;4;6;6;2;10;;;7;5;2;1;;;2;2;14;17;5;6;331;407;;;14;18;111;105;54;55;1;0;;
21;Gil Vicente;Santa Clara;2;2;48%;52%;8;11;3;4;5;5;0;2;;;1;9;1;1;;;2;1;20;19;2;5;370;280;;;9;9;87;73;36;41;0;2;;
21;Vitória SC;Braga;2;1;44%;56%;10;11;5;4;4;4;1;3;;;3;5;2;4;;;3;3;13;14;4;1;311;506;;;16;4;115;101;32;34;1;0;;
21;Ferreira;Portimonense;1;1;48%;52%;14;19;3;8;9;5;2;6;;;8;7;2;1;;;7;2;24;23;5;5;332;349;;;10;13;96;90;43;30;;;;
21;Maritimo;Estoril;0;0;66%;34%;28;7;4;0;13;6;11;1;;;13;2;2;2;;;0;4;11;16;3;2;475;279;;;17;19;121;70;82;30;0;1;;
20;BSAD;Sporting;1;4;34%;66%;6;15;2;6;3;8;1;1;;;1;4;3;3;;;2;1;23;19;5;1;247;516;;;7;7;63;103;27;47;;;;
20;Benfica;Gil Vicente;1;2;54%;46%;23;12;5;6;10;5;8;1;;;13;3;3;3;;;4;4;15;6;4;3;472;394;;;22;15;131;81;66;20;;;;
20;Santa Clara;Boavista;2;1;50%;50%;12;12;3;5;7;2;2;5;;;2;5;0;2;;;4;1;15;15;3;4;458;371;;;15;15;119;90;32;33;;;;
20;Famalicao;Arouca;0;0;52%;48%;3;7;1;2;2;2;0;3;;;4;4;5;3;;;2;1;14;26;2;3;398;444;;;10;23;119;90;46;36;;;;
20;Estoril;Ferreira;0;0;51%;49%;12;11;6;4;1;5;5;2;;;3;1;1;1;;;4;6;20;13;6;2;367;366;;;10;7;95;61;38;23;1;0;;
20;FC Porto;Maritimo;2;1;62%;38%;14;8;5;3;4;5;5;0;;;1;3;2;0;;;2;3;24;15;4;5;568;270;;;21;12;136;67;58;27;;;;
20;Braga;Moreirense;2;0;54%;46%;11;15;5;1;4;8;2;6;;;9;2;2;0;;;1;3;21;13;3;1;503;372;;;19;9;109;121;54;47;;;;
20;Portimonense;Tondela;1;2;42%;58%;12;9;5;4;5;3;2;2;;;1;5;1;1;;;2;4;14;24;3;6;331;490;;;13;14;95;95;46;38;1;0;;
20;Vizela;Vitória SC;3;2;48%;52%;17;12;6;4;9;5;2;3;;;6;10;3;0;;;2;3;16;16;3;3;345;384;;;18;11;89;108;50;51;;;;
18;Estoril;Arouca;1;2;47%;53%;11;21;4;5;3;8;4;8;;;4;9;0;0;;;3;4;15;18;3;2;372;452;;;15;8;75;118;26;63;;;;
19;FC Porto;Famalicao;3;1;65%;35%;18;6;9;1;6;3;3;2;;;7;4;2;0;;;0;6;13;14;0;4;538;303;;;28;8;109;93;56;59;1;0;;
19;Gil Vicente;Portimonense;1;0;68%;32%;28;3;6;1;12;2;10;0;;;12;2;1;4;;;1;5;13;7;3;6;671;272;;;11;16;150;63;94;14;0;1;;
19;Maritimo;BSAD;1;1;71%;29%;16;15;2;9;10;4;4;2;;;7;2;3;2;;;8;1;10;26;0;4;455;304;;;15;13;108;91;48;40;1;1;;
19;Vitória SC;Estoril;3;1;48%;52%;20;7;7;3;6;4;7;0;;;4;4;0;1;;;2;4;11;11;4;3;431;412;;;15;11;145;62;67;28;;;;
19;Sporting;Braga;1;2;60%;40%;13;9;4;3;6;4;3;2;;;3;4;5;0;;;1;3;20;12;3;4;564;357;;;12;16;135;69;44;19;;;;
19;Tondela;Vizela;2;3;55%;45%;12;21;3;8;6;7;3;6;;;6;10;3;2;;;5;1;16;18;5;6;332;292;;;13;15;90;82;30;70;;;;
19;Moreirense;Santa Clara;0;2;51%;49%;11;10;3;3;4;5;4;2;;;2;3;2;1;;;1;3;12;14;2;2;416;346;;;16;19;115;95;56;36;1;0;;
19;Ferreira;Boavista;1;1;49%;51%;11;18;3;9;4;7;4;2;;;7;0;4;0;;;8;2;16;19;4;6;384;408;;;10;12;105;109;29;31;;;;
19;Arouca;Benfica;0;2;44%;56%;8;8;2;6;6;2;0;0;;;2;2;1;3;;;4;2;21;16;5;1;381;550;;;17;17;123;112;22;35;;;;
18;Portimonense;Vitória SC;1;1;65%;35%;15;12;4;6;9;4;2;2;;;6;4;3;1;;;5;3;14;18;4;5;559;246;;;14;18;94;90;63;28;;;;
18;BSAD;FC Porto;1;4;34%;66%;4;24;2;9;1;9;1;6;;;3;8;2;3;;;5;1;13;16;5;3;210;553;;;12;8;48;137;18;54;2;0;;
18;Famalicao;Ferreira;0;0;43%;57%;10;11;6;3;4;4;0;4;;;2;8;2;2;;;3;6;15;21;4;3;359;509;;;6;24;77;96;38;40;1;0;;
18;Vizela;Sporting;0;2;37%;63%;8;14;1;6;4;6;3;2;;;2;4;6;3;;;4;1;15;13;3;3;330;681;;;9;16;89;128;39;52;;;;
18;Santa Clara;Tondela;2;2;49%;51%;18;12;9;7;5;2;4;3;;;11;5;1;1;;;5;7;12;16;1;1;373;430;;;22;16;101;83;56;40;;;;
18;Benfica;Moreirense;1;1;69%;31%;16;9;5;2;10;4;1;3;;;9;1;2;0;;;1;4;13;11;3;5;592;216;;;10;22;143;67;105;25;;;;
18;Braga;Maritimo;0;1;64%;36%;16;8;4;3;6;2;6;3;;;7;4;1;1;;;2;4;19;8;2;1;649;345;;;19;28;177;68;60;33;;;;
18;Boavista;Gil Vicente;1;1;40%;60%;17;4;5;2;8;2;4;0;;;8;5;5;2;;;1;4;9;13;3;2;320;552;;;16;15;90;126;46;59;;;;
16;Famalicao;BSAD;1;0;51%;49%;11;8;2;4;2;2;7;2;;;5;5;0;3;;;4;1;20;20;1;2;368;319;;;8;15;105;96;53;44;;;;
17;Gil Vicente;Vitória SC;3;2;51%;49%;20;10;9;4;6;3;5;3;;;6;1;2;5;5;0;2;6;15;16;2;5;;;;;;;94;105;59;66;0;1;;
17;BSAD;Arouca;2;1;50%;50%;15;10;5;2;8;6;2;2;;;4;2;4;1;;;1;3;20;24;9;3;477;338;;;9;4;115;84;31;23;1;2;;
17;Benfica;Ferreira;2;0;72%;28%;22;6;6;1;13;2;3;3;;;9;1;5;3;;;1;4;17;12;2;3;622;299;;;15;16;186;65;111;20;0;1;;
17;Braga;Famalicao;2;2;50%;50%;17;10;8;7;6;2;3;1;;;5;2;1;2;;;5;6;12;12;2;4;512;526;;;9;14;95;108;47;38;1;0;;
17;Portimonense;Maritimo;1;2;52%;48%;18;17;4;8;9;7;5;2;;;7;4;3;1;;;6;3;11;15;4;3;546;323;;;17;13;137;93;68;23;;;;
17;Boavista;Tondela;1;1;60%;40%;18;5;4;2;9;3;5;0;;;9;4;0;1;;;1;3;21;16;3;1;544;300;;;13;23;145;61;59;20;;;;
17;Estoril;FC Porto;2;3;44%;56%;7;23;2;10;2;4;3;9;;;2;7;2;2;;;7;0;15;18;4;2;282;512;;;9;11;58;129;32;58;;;;
17;Vizela;Moreirense;0;1;48%;52%;15;14;3;4;8;8;4;2;;;8;5;4;2;;;3;3;10;19;0;6;368;352;;;17;16;104;104;56;45;1;0;;
17;Santa Clara;Sporting;3;2;39%;61%;9;19;5;5;4;9;0;5;;;3;3;1;0;;;3;2;32;12;6;3;299;558;;;18;18;79;140;18;58;0;1;;
13;Tondela;Moreirense;2;1;46%;54%;10;9;5;5;5;3;0;1;;;1;3;3;4;;;4;3;12;21;2;2;406;410;;;21;25;107;115;32;46;;;;
13;Vizela;BSAD;2;0;41%;59%;12;19;4;7;4;7;4;5;;;4;10;2;1;;;7;2;12;21;1;4;312;487;;;16;19;75;128;48;55;;;;
16;FC Porto;Benfica;3;1;48%;52%;15;13;6;5;3;5;6;3;;;5;7;3;1;;;4;3;13;13;3;5;439;358;;;28;12;78;103;31;38;0;1;;
16;Arouca;Braga;0;6;57%;43%;6;11;0;8;4;3;2;0;;;1;1;2;3;;;2;0;14;16;1;2;418;395;;;21;13;109;111;30;18;;;;
16;Ferreira;Santa Clara;2;1;50%;50%;9;11;3;4;3;6;3;1;;;2;4;0;0;;;3;1;15;23;4;4;466;381;;;22;16;106;87;31;32;0;1;;
16;Sporting;Portimonense;3;2;71%;29%;24;6;12;2;6;3;6;1;;;5;0;3;3;;;0;9;17;10;4;3;635;285;;;10;8;91;60;64;21;0;1;;
16;Vitória SC;Boavista;1;1;58%;42%;17;11;2;4;8;4;7;3;;;11;4;0;4;;;3;1;23;16;6;2;440;316;;;8;15;93;63;57;19;;;;
16;Moreirense;Estoril;1;0;31%;69%;5;13;3;4;2;6;0;3;;;7;11;3;1;;;4;2;13;11;2;4;274;574;;;6;13;66;129;33;72;;;;
16;Maritimo;Vizela;2;0;63%;37%;11;7;5;1;3;4;3;2;;;2;4;0;0;;;1;3;18;15;2;4;471;320;;;17;25;105;96;39;27;0;1;;
16;Tondela;Gil Vicente;0;3;43%;57%;7;12;2;6;4;6;1;0;;;6;2;4;1;;;3;2;21;10;5;2;395;474;;;12;10;80;109;34;33;;;;
15;Braga;BSAD;1;0;55%;45%;18;6;5;2;10;2;3;2;;;6;3;2;2;;;2;4;22;14;4;4;637;437;;;18;16;118;83;59;18;;;;
15;Vizela;FC Porto;0;4;34%;66%;9;15;4;7;2;6;3;2;;;3;11;3;0;;;3;4;12;8;1;1;311;617;;;17;16;65;131;28;59;1;0;;
15;Benfica;Maritimo;7;1;57%;43%;17;9;9;2;6;7;2;0;;;1;3;3;0;;;1;2;20;12;1;2;531;352;;;25;19;104;110;50;23;;;;
15;Boavista;Moreirense;1;0;57%;43%;14;8;5;3;5;2;4;3;;;5;7;0;1;;;3;4;14;13;2;2;345;361;;;15;23;107;96;35;42;1;0;;
15;Gil Vicente;Sporting;0;3;56%;44%;7;17;4;9;1;6;2;2;;;1;5;3;2;;;6;4;9;10;1;5;461;501;;;5;11;92;109;31;52;1;1;;
15;Portimonense;Arouca;1;1;63%;37%;12;19;5;6;6;9;1;4;;;5;6;4;1;;;5;4;15;15;3;4;438;294;;;14;13;124;103;52;29;;;;
15;Tondela;Ferreira;0;1;59%;41%;12;9;9;5;3;3;0;1;;;7;6;0;2;;;4;9;9;18;2;4;418;350;;;12;7;94;104;30;32;;;;
15;Estoril;Famalicao;2;2;63%;37%;11;7;4;3;5;3;2;1;;;7;2;2;2;;;1;2;11;18;3;5;470;281;;;10;17;103;80;61;30;;;;
15;Santa Clara;Vitória SC;1;0;47%;53%;15;10;6;2;6;6;3;2;;;8;2;8;3;;;2;5;12;16;2;3;344;435;;;11;19;88;110;32;43;;;;
14;Arouca;Vizela;1;4;57%;43%;15;10;2;4;7;4;6;2;;;6;4;2;1;;;1;1;11;18;2;4;458;353;;;9;18;146;89;78;19;;;;
14;FC Porto;Braga;1;0;46%;54%;20;7;4;1;11;6;5;0;;;6;3;2;1;;;1;3;12;14;3;5;447;421;;;22;13;127;92;60;27;;;;
14;Famalicao;Benfica;1;4;42%;58%;13;6;2;4;5;2;6;0;;;5;2;2;3;;;0;1;14;13;2;2;371;564;;;21;20;112;96;42;28;;;;
14;BSAD;Estoril;0;1;41%;59%;7;21;0;7;3;10;4;4;;;0;14;0;4;;;6;0;11;10;2;1;393;493;;;9;5;66;107;18;67;;;;
14;Moreirense;Portimonense;0;1;43%;57%;11;7;4;4;4;2;3;1;;;6;1;2;2;;;3;4;14;16;2;2;366;355;;;14;11;127;81;48;20;;;;
14;Sporting;Boavista;2;0;59%;41%;19;4;6;2;8;2;5;0;;;10;3;5;1;;;2;4;12;16;0;1;521;336;;;12;15;120;81;48;27;;;;
14;Vitória SC;Tondela;5;2;56%;44%;18;8;10;3;6;3;2;2;;;0;8;0;1;;;1;5;21;18;3;4;432;409;;;12;12;110;80;43;25;0;1;;
14;Maritimo;Santa Clara;4;1;54%;46%;9;10;4;3;3;4;2;3;;;4;2;1;3;;;2;0;15;15;1;3;424;406;;;12;9;99;81;40;24;;;;
14;Ferreira;Gil Vicente;0;1;43%;57%;11;13;2;5;5;5;4;3;;;7;5;2;1;;;4;2;17;10;3;2;341;519;;;17;7;91;122;46;53;;;;
13;Braga;Estoril;2;0;51%;49%;14;11;4;5;6;4;4;2;;;2;7;1;4;;;5;2;15;19;6;3;470;431;;;15;16;112;88;37;43;1;0;;
13;Gil Vicente;Famalicao;4;0;58%;42%;18;9;10;1;3;5;5;3;;;4;1;1;6;;;1;6;16;11;3;3;455;324;;;20;19;113;89;41;34;;;;
13;Santa Clara;Arouca;2;1;48%;52%;5;13;4;4;1;5;0;4;;;1;8;4;0;;;3;2;16;16;4;4;338;431;;;16;15;63;124;26;39;;;;
13;Ferreira;Vitória SC;1;2;43%;57%;7;17;3;8;4;6;0;3;;;4;6;4;1;;;6;2;12;17;2;4;272;376;;;18;15;99;99;35;42;;;;
13;Boavista;Maritimo;1;1;39%;61%;6;10;4;3;2;2;0;5;;;2;6;2;1;;;2;3;23;14;4;6;285;453;;;27;14;86;138;42;58;1;1;;
13;Benfica;Sporting;1;3;65%;35%;11;14;3;5;5;7;3;2;;;3;3;4;3;;;2;2;15;19;3;6;482;243;;;19;17;134;79;74;33;;;;
13;Portimonense;FC Porto;0;3;38%;62%;7;23;4;6;2;9;1;8;;;3;6;1;0;;;3;4;11;14;3;1;358;536;;;7;21;82;135;28;53;;;;
12;Braga;Vizela;4;1;55%;45%;17;8;9;2;6;5;2;1;;;10;1;1;0;;;1;5;11;10;1;0;565;491;;;17;16;119;110;53;28;;;;
12;Estoril;Santa Clara;2;2;56%;44%;11;10;7;5;1;4;3;1;;;4;3;1;0;;;3;5;11;15;2;2;525;364;;;14;12;137;79;52;36;;;;
12;FC Porto;Vitória SC;2;1;75%;25%;17;9;9;2;5;5;3;2;;;5;2;3;2;;;1;7;16;15;2;6;637;257;;;15;23;50;26;22;14;0;1;;
12;Sporting;Tondela;2;0;62%;38%;14;5;8;1;2;3;4;1;;;1;4;4;4;;;1;6;16;10;3;3;665;404;;;21;17;146;67;47;22;;;;
12;Maritimo;Ferreira;2;0;47%;53%;9;16;4;3;3;7;2;6;;;2;8;3;2;;;3;2;15;19;2;3;395;394;;;21;14;108;124;27;43;;;;
12;BSAD;Benfica;0;7;27%;73%;0;17;0;11;0;2;0;4;;;2;4;0;1;;;4;0;2;3;;;63;295;;;3;7;8;86;3;75;;;;
12;Arouca;Boavista;2;1;56%;44%;8;13;6;2;2;6;0;5;;;2;1;2;2;;;1;4;14;23;3;4;411;367;;;12;19;136;80;59;22;;;;
12;Famalicao;Portimonense;0;3;53%;47%;20;6;2;2;10;2;8;2;;;8;3;2;3;;;0;2;17;10;1;3;408;360;;;20;17;108;91;60;32;;;;
12;Moreirense;Gil Vicente;2;2;45%;55%;15;14;4;8;7;4;4;2;;;5;5;2;0;;;6;2;19;13;3;5;303;484;;;12;11;98;106;35;60;;;;
11;Benfica;Braga;6;1;55%;45%;12;8;9;4;1;0;2;4;;;2;6;8;2;;;3;3;13;12;3;2;647;393;;;12;24;121;83;43;31;;;;
11;Ferreira;Sporting;0;2;41%;59%;9;20;1;8;3;8;5;4;;;4;10;1;2;;;6;1;14;12;2;0;342;454;;;8;11;95;114;29;38;;;;
11;Santa Clara;FC Porto;0;3;29%;71%;3;23;1;10;1;7;1;6;;;1;8;2;2;;;7;1;13;14;3;2;232;553;;;21;20;60;147;20;88;1;0;;
11;Tondela;Maritimo;4;2;49%;51%;15;20;7;11;5;6;3;3;;;3;4;1;6;;;9;3;22;24;3;8;300;377;;;13;12;66;111;23;57;0;1;;
11;Vitória SC;Moreirense;2;1;52%;48%;11;20;5;8;2;8;4;4;;;5;9;2;1;;;7;3;13;10;2;1;440;344;;;16;14;109;117;42;41;;;;
11;Portimonense;BSAD;2;0;50%;50%;14;17;6;4;3;8;5;5;;;6;5;4;1;;;4;4;21;13;5;4;409;390;;;8;13;92;101;37;45;;;;
11;Vizela;Estoril;1;1;45%;55%;12;8;3;6;6;2;3;0;;;3;1;0;1;;;5;2;13;16;2;3;388;441;;;14;10;89;80;30;43;;;;
11;Boavista;Famalicao;2;5;57%;43%;16;15;5;10;5;3;6;2;;;6;2;0;1;;;5;3;13;13;5;3;427;413;;;17;19;110;94;31;31;2;0;;
11;Gil Vicente;Arouca;1;1;53%;47%;16;9;5;1;2;4;9;4;;;8;1;3;0;;;0;4;14;18;1;5;515;369;;;13;11;115;99;57;26;0;1;;
10;Moreirense;Ferreira;1;1;52%;48%;7;11;1;4;3;4;3;3;;;4;7;1;3;;;3;0;13;13;1;1;443;414;;;17;14;126;114;44;35;;;;
10;Braga;Portimonense;3;0;47%;53%;17;3;5;2;8;1;4;0;;;3;5;0;3;;;2;2;13;15;3;6;464;413;;;20;18;124;90;33;34;;;;
10;Famalicao;Vizela;1;1;52%;48%;14;9;5;3;7;3;2;3;;;5;2;0;1;;;2;4;17;15;1;1;412;417;;;15;19;133;84;45;32;;;;
10;BSAD;Santa Clara;2;1;45%;55%;10;12;4;4;4;4;2;4;;;8;7;0;3;;;3;2;15;10;;;377;516;;;7;7;77;117;29;39;;;;
10;Maritimo;Gil Vicente;1;2;55%;45%;19;14;7;5;9;4;3;5;;;4;5;1;0;;;3;6;14;21;2;4;446;336;;;10;12;110;108;33;29;;;;
10;Sporting;Vitória SC;1;0;49%;51%;12;12;4;2;3;6;5;4;;;7;2;3;3;;;2;3;14;10;2;2;436;432;;;21;16;86;96;44;36;;;;
10;Estoril;Benfica;1;1;44%;56%;8;15;2;7;5;4;1;4;;;4;10;6;1;;;6;1;14;13;3;2;339;502;;;16;11;80;110;38;79;;;;
10;FC Porto;Boavista;4;1;71%;29%;18;8;11;3;3;2;4;3;;;4;6;3;4;;;2;7;9;10;4;4;604;222;;;26;13;161;56;81;17;;;;
10;Arouca;Tondela;2;0;39%;61%;4;15;2;6;1;2;1;7;;;4;6;3;1;;;6;0;20;13;5;4;254;400;;;20;14;81;70;21;40;1;0;;
9;Boavista;BSAD;0;0;53%;47%;15;4;5;0;5;4;5;0;;;5;1;3;2;;;0;5;19;17;4;4;476;508;;;18;15;126;102;42;24;;;;
9;Gil Vicente;Braga;0;1;55%;45%;21;13;7;4;6;7;8;2;;;11;2;1;0;;;3;7;10;12;1;4;459;410;;;19;17;116;116;46;44;;;;
9;Portimonense;Estoril;0;2;61%;39%;24;6;3;2;14;2;7;2;;;6;1;0;2;;;0;3;17;16;1;3;502;324;;;13;20;140;81;77;33;;;;
9;Vizela;Benfica;0;1;36%;64%;15;14;4;7;6;4;5;3;;;7;12;3;3;;;6;4;12;9;3;3;295;625;;;18;10;61;134;34;95;;;;
9;Ferreira;Arouca;0;0;44%;56%;4;15;0;6;3;2;1;7;;;3;9;3;2;;;6;0;13;21;7;2;328;374;;;18;13;102;92;35;56;1;0;;
9;Sporting;Moreirense;1;0;60%;40%;14;5;4;1;7;3;3;1;;;7;1;4;3;;;1;3;14;14;3;3;600;302;;;16;18;170;87;47;40;;;;
9;Tondela;FC Porto;1;3;34%;66%;3;24;2;6;0;15;1;3;;;3;10;2;4;;;3;1;9;23;2;4;205;505;;;10;12;64;135;19;68;1;0;;
9;Santa Clara;Famalicao;0;2;54%;46%;9;12;0;5;7;5;2;2;;;1;5;2;4;;;3;0;12;18;4;2;447;286;;;12;5;76;89;20;44;2;1;;
9;Vitória SC;Maritimo;2;1;58%;42%;27;7;10;3;7;4;10;0;;;14;2;0;2;;;2;8;21;15;1;1;456;358;;;17;22;128;67;90;27;;;;
8;Braga;Boavista;2;2;63%;37%;13;7;8;2;4;4;1;1;;;3;1;5;4;;;0;6;11;14;2;5;684;331;;;12;14;136;82;58;21;;;;
8;Benfica;Portimonense;0;1;61%;39%;24;5;7;3;6;2;11;0;;;13;4;1;3;;;2;7;14;22;2;5;493;233;;;19;26;131;74;90;32;;;;
8;Estoril;Gil Vicente;2;2;60%;40%;14;22;4;9;6;4;4;9;;;1;5;2;0;;;7;2;10;18;2;4;460;387;;;9;13;89;103;43;36;;;;
8;BSAD;Tondela;0;2;54%;46%;13;10;2;5;6;5;5;0;;;1;4;6;2;;;3;2;21;11;5;2;442;407;;;27;21;150;100;66;32;;;;
8;Arouca;Sporting;1;2;47%;53%;10;10;5;8;4;0;1;2;;;4;5;3;3;;;6;4;21;14;3;5;349;481;;;13;17;119;105;28;31;;;;
8;FC Porto;Ferreira;2;1;76%;24%;23;7;8;2;11;3;4;2;;;11;3;0;3;;;1;6;9;19;4;5;554;232;;;6;18;174;68;86;19;1;0;;
8;Vizela;Santa Clara;1;1;52%;48%;16;10;4;1;6;4;6;5;;;6;4;2;2;;;0;3;19;13;6;4;460;421;;;15;19;107;93;54;24;;;;
8;Famalicao;Vitória SC;1;2;53%;47%;15;9;2;5;7;3;6;1;;;8;0;3;2;;;3;1;15;23;2;5;369;342;;;22;21;108;91;43;34;1;0;;
8;Maritimo;Moreirense;0;0;51%;49%;6;18;0;6;4;5;2;7;;;3;7;0;1;;;6;0;19;21;5;3;439;293;;;20;23;78;137;19;61;;;;
7;Boavista;Estoril;1;1;33%;67%;9;9;3;1;4;4;2;4;;;2;13;0;7;;;0;2;15;12;3;2;291;483;;;15;27;65;112;16;52;;;;
7;Ferreira;BSAD;2;2;55%;45%;20;11;5;2;11;5;4;4;;;3;2;3;0;;;0;3;15;21;3;1;355;293;;;10;19;113;96;43;42;;;;
7;Portimonense;Vizela;0;0;67%;33%;14;14;4;2;5;10;5;2;;;7;5;2;1;;;2;4;17;14;4;2;463;296;;;10;17;132;84;64;41;;;;
7;Santa Clara;Braga;1;1;46%;54%;15;10;3;4;6;3;6;3;;;5;5;3;0;;;3;2;12;19;3;1;430;547;;;16;16;96;121;32;42;;;;
7;Tondela;Famalicao;3;2;61%;39%;10;13;4;7;3;3;3;3;;;4;3;4;2;;;5;1;21;11;6;5;486;355;;;16;14;106;95;37;42;0;1;;
7;Vitória SC;Benfica;1;3;48%;52%;13;16;3;4;6;7;4;5;;;5;5;4;1;;;1;2;16;12;0;1;395;489;;;11;16;98;115;58;51;;;;
7;Moreirense;Arouca;2;1;35%;65%;8;17;3;5;5;6;0;6;;;5;9;0;1;;;4;1;20;8;5;2;232;489;;;13;9;78;125;40;64;;;;
7;Gil Vicente;FC Porto;1;2;33%;67%;8;16;4;8;2;4;2;4;;;2;6;1;1;;;6;3;15;17;5;4;330;597;;;18;16;88;137;23;75;;;;
7;Sporting;Maritimo;1;0;72%;28%;25;4;7;0;9;4;9;0;;;9;0;0;1;;;0;6;14;14;4;6;658;267;;;23;24;164;65;76;10;0;1;;
6;Braga;Tondela;3;1;67%;33%;20;3;7;1;9;2;4;0;;;5;0;2;2;;;0;4;9;6;2;4;636;306;;;14;21;144;76;83;18;;;;
6;Benfica;Boavista;3;1;64%;36%;8;10;6;6;2;3;0;1;;;5;4;2;1;;;5;3;16;13;1;3;580;235;;;18;25;119;92;31;26;;;;
6;Estoril;Sporting;0;1;44%;56%;7;11;3;4;3;2;1;5;;;7;9;2;2;;;3;3;10;6;3;2;385;462;;;17;20;68;126;39;48;;;;
6;FC Porto;Moreirense;5;0;63%;37%;18;5;7;0;6;2;5;3;;;6;5;1;2;;;0;2;11;11;2;3;534;245;;;17;17;85;99;48;62;;;;
6;Vizela;Ferreira;1;1;60%;40%;21;10;4;2;10;7;7;1;;;5;4;2;1;;;1;3;14;10;5;2;454;267;;;13;16;107;81;70;42;0;1;;
6;Arouca;Vitória SC;2;2;60%;40%;11;11;5;4;3;4;3;3;;;6;4;1;3;;;2;3;17;10;1;2;457;342;;;17;11;135;79;39;45;;;;
6;BSAD;Gil Vicente;1;1;41%;59%;11;8;4;4;5;2;2;2;;;4;7;4;3;;;3;3;19;15;3;3;373;465;;;18;14;98;124;35;49;;;;
6;Famalicao;Maritimo;0;0;53%;47%;16;2;4;0;11;1;1;1;;;7;5;0;3;;;0;4;20;20;3;3;415;338;;;15;26;111;80;62;36;;;;
6;Portimonense;Santa Clara;2;1;54%;46%;10;13;4;2;3;8;3;3;;;4;2;4;1;;;1;2;21;11;4;3;390;368;;;16;15;105;71;41;40;;;;
5;Tondela;Estoril;1;2;57%;43%;20;11;5;4;9;6;6;1;;;6;5;1;0;;;2;4;18;24;2;7;369;264;;;21;12;121;77;46;42;;;;
5;Maritimo;Arouca;2;2;50%;50%;14;17;6;3;6;10;2;4;;;5;2;1;2;;;1;4;18;19;5;6;393;410;;;21;31;97;125;35;49;1;0;;
5;Vitória SC;BSAD;0;0;45%;55%;11;16;4;6;2;7;5;3;;;5;7;3;0;;;6;4;18;17;5;4;291;498;;;11;13;87;120;51;47;2;0;;
5;Boavista;Portimonense;1;1;46%;54%;11;7;2;3;6;3;3;1;;;9;2;0;0;;;2;1;17;14;3;5;385;424;;;15;18;81;131;41;39;;;;
5;Gil Vicente;Vizela;2;2;58%;42%;21;19;6;6;8;10;7;3;;;9;7;1;6;;;4;4;12;19;3;3;418;243;;;10;17;113;48;51;46;;;;
5;Moreirense;Famalicao;2;2;46%;54%;7;15;3;8;2;2;2;5;;;6;4;1;4;;;6;1;14;10;2;3;253;350;;;15;14;64;89;25;41;;;;
5;Sporting;FC Porto;1;1;55%;45%;9;5;5;1;4;2;0;2;;;5;4;2;3;;;0;4;19;21;6;6;347;402;;;21;12;72;96;37;43;0;1;;
5;Santa Clara;Benfica;0;5;30%;70%;11;8;5;5;2;1;4;2;;;7;2;1;0;;;0;5;20;20;2;1;267;624;;;16;12;78;111;37;31;;;;
5;Ferreira;Braga;0;0;43%;57%;12;10;3;2;6;4;3;4;;;11;5;1;2;;;2;3;14;16;2;0;362;480;;;10;15;57;70;26;44;;;;
4;Portimonense;Ferreira;0;1;52%;48%;18;6;5;2;9;3;4;1;;;7;3;3;1;;;1;5;12;16;2;5;450;311;;;15;17;111;103;55;36;;;;
4;Santa Clara;Gil Vicente;1;0;38%;62%;10;5;4;2;4;2;2;1;;;5;4;2;1;;;2;3;20;13;3;5;241;529;;;12;15;72;121;36;55;1;1;;
4;Benfica;Tondela;2;1;72%;28%;20;3;8;2;7;1;5;0;;;11;0;2;2;;;1;6;11;19;2;3;716;228;;;8;28;195;59;83;16;;;;
4;Braga;Vitória SC;0;0;58%;42%;20;11;6;2;10;4;4;5;;;6;6;1;1;;;2;6;14;16;2;5;565;359;;;12;5;142;77;61;38;;;;
4;Famalicao;Sporting;1;1;40%;60%;14;15;5;5;4;8;5;2;;;2;9;4;3;;;4;4;12;17;4;5;324;473;;;10;18;68;105;39;62;;;;
4;FC Porto;Arouca;3;0;59%;41%;15;8;4;1;10;7;1;0;;;4;5;2;1;;;1;1;16;14;4;3;477;322;;;23;20;134;79;65;15;;;;
4;Vizela;Boavista;1;1;53%;47%;16;5;4;1;7;2;5;2;;;11;2;1;0;;;0;3;17;10;3;3;405;335;;;13;16;123;75;49;28;;;;
4;Estoril;Maritimo;2;1;42%;58%;9;7;3;2;4;3;2;2;;;1;4;0;4;;;1;1;21;24;7;6;303;448;;;20;17;91;91;41;31;;;;
4;BSAD;Moreirense;1;1;49%;51%;6;20;1;6;4;6;1;8;;;3;11;1;5;;;5;0;12;13;6;4;364;422;;;16;7;72;113;27;83;1;0;;
3;Boavista;Santa Clara;2;0;47%;53%;9;11;4;2;4;6;1;3;;;5;5;1;1;;;2;2;16;12;3;3;374;422;;;21;22;90;101;28;35;;;;
3;Ferreira;Estoril;1;3;42%;58%;10;14;2;4;5;7;3;3;;;5;4;0;6;;;1;1;24;12;3;3;354;372;;;10;14;88;90;35;41;;;;
3;Vitória SC;Vizela;4;0;63%;37%;20;4;8;2;7;2;5;0;;;8;2;2;4;;;2;4;15;17;4;4;457;289;;;11;12;113;64;68;18;;;;
3;Maritimo;FC Porto;1;1;42%;58%;5;16;1;5;4;9;0;2;;;3;4;3;0;;;4;0;21;18;4;1;306;469;;;23;17;58;187;18;61;;;;
3;Tondela;Portimonense;0;3;57%;43%;11;7;3;5;5;1;3;1;;;6;5;0;2;;;2;3;14;18;4;4;458;291;;;5;15;123;70;45;29;;;;
3;Sporting;BSAD;2;0;68%;32%;26;3;7;0;12;3;7;0;;;10;0;1;2;;;0;5;15;12;2;2;656;289;;;18;18;134;95;64;15;0;1;;
3;Gil Vicente;Benfica;0;2;39%;61%;5;21;2;7;2;9;1;5;;;3;9;0;2;;;5;2;7;13;3;2;357;573;;;13;18;88;138;20;73;;;;
3;Moreirense;Braga;2;3;49%;51%;13;16;5;7;5;5;3;4;;;6;0;3;1;;;4;3;14;10;4;2;404;526;;;8;11;111;126;55;35;;;;
3;Arouca;Famalicao;2;1;50%;50%;22;10;6;5;10;5;6;0;;;10;9;0;2;;;4;4;18;22;4;4;346;366;;;16;19;104;116;71;40;;;;
2;BSAD;Maritimo;1;2;46%;54%;5;13;2;4;3;5;0;4;;;3;4;1;0;;;2;1;22;21;4;5;306;397;;;15;19;100;104;23;32;;;;
2;Boavista;Ferreira;3;0;33%;67%;8;17;4;5;3;6;1;6;;;2;8;0;0;;;5;1;16;15;3;2;258;530;;;18;13;72;117;20;42;;;;
2;Santa Clara;Moreirense;2;2;53%;47%;15;10;3;4;10;5;2;1;;;5;4;5;2;;;2;2;13;21;5;4;357;323;;;8;12;86;89;20;34;0;1;;
2;Famalicao;FC Porto;1;2;43%;57%;7;12;1;4;3;4;3;4;;;3;2;4;1;;;2;0;16;14;3;1;288;536;;;22;20;74;124;32;40;;;;
2;Portimonense;Gil Vicente;0;1;51%;49%;18;7;5;4;8;1;5;2;;;5;4;0;0;;;3;5;11;18;3;2;465;411;;;18;14;107;99;38;31;;;;
2;Braga;Sporting;1;2;47%;53%;16;5;6;3;7;2;3;0;;;6;5;1;1;;;1;5;18;14;3;4;447;392;;;11;16;110;89;42;17;0;1;;
2;Benfica;Arouca;2;0;59%;41%;17;3;5;1;12;1;0;1;;;4;2;8;1;;;1;3;17;2;1;0;599;324;;;26;18;154;55;114;14;0;1;;
2;Vizela;Tondela;2;1;46%;54%;20;8;6;2;9;4;5;2;;;11;4;0;1;;;1;4;18;11;2;3;342;449;;;15;11;78;60;66;33;;;;
2;Estoril;Vitória SC;0;0;48%;52%;7;12;1;2;6;6;0;4;;;4;9;2;0;;;2;1;15;14;1;4;386;404;;;14;9;72;111;45;44;0;1;;
1;Gil Vicente;Boavista;3;0;59%;41%;9;13;6;5;3;5;0;3;;;1;5;1;3;;;5;3;21;10;3;3;558;360;;;14;20;129;89;35;38;;;;
1;Ferreira;Famalicao;2;0;60%;40%;20;10;3;2;10;6;7;2;;;6;3;0;3;;;2;1;33;20;2;4;449;334;;;17;18;108;76;62;34;;;;
1;FC Porto;BSAD;2;0;71%;29%;21;7;7;3;9;2;5;2;;;8;3;0;2;;;3;5;11;15;2;3;702;250;;;16;16;149;73;91;24;;;;
1;Tondela;Santa Clara;3;0;46%;54%;10;23;5;5;3;15;2;3;;;3;5;1;2;;;5;2;18;12;1;3;329;466;;;20;14;83;128;23;56;;;;
1;Vitória SC;Portimonense;0;1;55%;45%;18;7;3;1;10;4;5;2;;;10;5;2;6;;;0;3;15;12;2;3;445;383;;;15;10;118;90;78;26;;;;
1;Maritimo;Braga;0;2;45%;55%;7;12;0;5;4;6;3;1;;;3;6;1;0;;;3;0;23;12;3;3;357;474;;;19;10;75;130;25;36;;;;
1;Moreirense;Benfica;1;2;35%;65%;10;10;3;6;4;3;3;1;;;0;6;1;0;;;4;2;20;18;4;4;328;523;;;21;14;84;117;29;43;0;1;;
1;Arouca;Estoril;0;2;53%;47%;11;12;3;6;6;5;2;1;;;3;2;3;2;;;4;3;14;13;1;3;508;403;;;12;13;126;89;59;37;;;;
1;Sporting;Vizela;3;0;68%;32%;15;6;5;1;7;4;3;1;;;3;5;2;5;;;1;2;9;16;1;3;609;301;;;13;30;146;84;65;24;;;;
